station_id,name,lat,lon,capacity
1,Drummond / de Maisonneuve,45.4996545106653,-73.57633531093597,23
2,John-Easton-Mills / Dézéry,45.53903429176975,-73.54013944117469,27
3,Clark / Evans,45.51108748950199,-73.56784880161285,19
4,du Champ-de-Mars / Gosford,45.50965520472071,-73.55400860309601,23
5,Brittany / Ainsley,45.52588991809354,-73.65003436803818,23
6,Ann / Wellington,45.494520387544334,-73.55676591396332,15
7,Ste-Catherine / de Bullion,45.51113072062821,-73.56280624866486,23
8,Ste-Catherine / Sanguinet,45.512936177874096,-73.56124520301817,43
9,Crescent / de Maisonneuve,45.49812041247333,-73.57759594917297,23
10,de Grosbois / Duchesneau,45.611129377656596,-73.53125596491736,23
11,7e avenue / Masson,45.54863154452348,-73.57469648122787,19
12,Metcalfe / de Maisonneuve (sud),45.501375027330134,-73.5734578129086,23
13,de Boisbriand / Sanguinet,45.51294424751087,-73.56218783921577,31
14,St-Denis / Ste-Catherine,45.51372291221464,-73.5603104531765,43
15,Maisonneuve / St-Dominique,45.51118898861533,-73.56491446495056,15
16,Jacques-Le Ber / de la Pointe Nord,45.47259900304475,-73.5398056358099,27
17,Marché St-Jacques (Atateken),45.520665992418884,-73.5639146839003,27
18,St-André / Ontario,45.518973259349224,-73.56395927799895,19
19,Métro Sherbrooke (de Rigaud / Berri),45.51809318254934,-73.5680264178245,27
20,de l'Hôtel-de-Ville / Ontario,45.51374520222444,-73.56666326522826,27
21,St-André / de Maisonneuve,45.5170859607847,-73.55974048376083,19
22,de la Commune / des Soeurs-Grises,45.49792864726048,-73.55273187160492,67
23,St-Dominique / St-Viateur,45.52649960463402,-73.59812762595539,31
24,Notre-Dame / St-Gabriel,45.50717291989507,-73.55508744153667,11
25,de la Commune / Place Jacques-Cartier,45.50761009451047,-73.55183601379395,81
26,de Maisonneuve / Mansfield (sud),45.502060854996756,-73.57348680496216,27
28,Bourget / St-Jacques,45.48067368593179,-73.58351558446884,15
30,St-Antoine / St-François-Xavier,45.5045770667804,-73.55918392539024,29
31,City Councillors / de Maisonneuve,45.505530802680966,-73.56993003553725,19
32,St-André /  Cherrier,45.52050169308784,-73.56770128011703,27
34,Viger / Chenneville,45.505381963754935,-73.5609366688459,37
35,de la Commune / St-Sulpice,45.50424245563397,-73.553469479084,47
36,6037_SWAP,0.0,0.0,0
37,de Mentana / du Mont-Royal,45.526894329885835,-73.5799089088323,23
38,des Récollets / McGill,45.500890568811926,-73.55904474863564,23
39,Lambert-Closse / de Maisonneuve,45.490925092206254,-73.5849962224529,31
40,Métro Square-Victoria-OACI (St-Jacques),45.50115848792469,-73.56083080172539,21
41,REM Gare Centrale (de la Gauchetière / Mansfield),45.49982531155875,-73.5660799094876,27
42,de Lanaudière / St-Zotique,45.54218839815043,-73.60213816165924,27
43,Laval / Rachel,45.52022449558384,-73.5795271396637,23
45,Métro Bonaventure (de la Gauchetière / Mansfield),45.49884749025835,-73.56685843325977,31
46,Milton / Durocher,45.508140959417744,-73.57492983341217,31
47,Garnier / Beaubien,45.54158791917868,-73.59860821432449,15
48,William / King,45.499045499692556,-73.55687106100959,27
49,Robert-Bourassa / St-Maurice,45.49848392961842,-73.56084539360381,23
50,Henri-Julien / de Bellechasse,45.531573441959296,-73.60318958759308,19
51,de la Commune / King,45.497526957218476,-73.55267647189065,79
52,Place des Festival (du Président-Kennedy / Bleury),45.50760149196387,-73.56935019757657,27
55,Place du Canada (Peel / des Canadiens-de-Montréal),45.497795545133336,-73.56825113296509,23
56,Drummond / des-Canadiens-de-Montréal,45.49676067752141,-73.57027635600843,27
57,Cypress / Stanley,45.49893544341577,-73.57204458236993,27
58,Hutchison / Beaubien,45.526074234750496,-73.61313624311151,28
59,Cathcart / McGill College,45.501187681489775,-73.57045487814501,27
61,Stanley / René-Lévesque,45.49793428742311,-73.5708126425743,39
62,Métro Peel (de Maisonneuve / Stanley),45.50038,-73.57507,49
63,de la Montagne / Sherbrooke,45.49971843051624,-73.57890754938126,19
64,Quai de la navette fluviale,45.51366626207095,-73.53842496871948,19
65,Jean-Rivard / du Cirque,45.56268743796862,-73.61651211977005,19
67,University / Milton,45.50653308104575,-73.57660090823629,39
68,de Maisonneuve / Aylmer (ouest),45.505173440423306,-73.5706517100334,37
69,Ste-Catherine / St-Clément,45.55671730558936,-73.53024959564209,15
71,St-Alexandre / Ste-Catherine,45.50527354034462,-73.5674786567688,27
72,Métro Vendôme (de Marlowe / de Maisonneuve),45.47390029995386,-73.60474312750739,31
73,McGill College / de Maisonneuve,45.50275833570824,-73.57254749656022,23
74,5e avenue / Rosemont,45.54990048023633,-73.58308374881744,19
75,Aylmer / Ste-Catherine,45.50437634533078,-73.56901906885469,35
76,Duke / Nazareth,45.49572236030835,-73.55461344122887,19
77,Bassin Peel (Smith / de la Commune),45.492841101740225,-73.5562809750263,27
78,Henri-Julien / du Carmel,45.52795093787009,-73.59502326697111,23
79,Métro Lucien-L'Allier (Lucien l'Allier / Argyle),45.49487159597493,-73.57112377882004,17
80,Jeanne-d'Arc / Ontario,45.54959363153481,-73.54192145204252,23
81,Crescent / René-Lévesque,45.49603187552495,-73.5734586417675,23
82,Métro Beaubien (de St-Vallier / Beaubien),45.53478444274838,-73.60463261604308,19
83,Métro Atwater (Atwater / Ste-Catherine ),45.48951455100737,-73.58452577876506,35
84,Chomedey / de Maisonneuve,45.491750449903954,-73.58394473791122,27
85,Clark / de Liège,45.539988024015756,-73.63811277307832,19
86,Chomedey / Ste-Catherine,45.491017287819965,-73.58284557343723,27
87,Notre-Dame / Gauvin,45.49989364463976,-73.5604166243047,19
88,Ste-Catherine / St-Laurent,45.51001233950764,-73.56376379728317,31
89,Mackay / de Maisonneuve,45.49680823499591,-73.57910657374305,35
90,Ottawa / Guy,45.489259854211305,-73.56498479280161,19
91,St-Patrick / Briand,45.46366064035559,-73.59586715698242,17
92,Wurtele / Ontario,45.53655058752419,-73.55038499732473,19
93,St-Timothée / René-Lévesque,45.516142568178644,-73.55553340225015,23
94,Plessis / René-Lévesque,45.51937504116866,-73.55190977454185,19
95,Mackay / René-Lévesque,45.49443670080505,-73.5740589490888,34
96,St-Mathieu / Tupper,45.49329131627625,-73.57821124847759,31
97,de Maisonneuve / Fullum,45.52797141659334,-73.54948371648788,17
98,du Square-St-Louis / St-Denis,45.51774630027137,-73.56978653735496,35
99,Frontenac / Ste-Catherine,45.53006276144042,-73.54559183120728,15
100,Parthenais / Ste-Catherine,45.52610082630817,-73.5488421332866,27
101,Montcalm / de Maisonneuve,45.519131967116216,-73.55788965214742,15
102,Alexandre-DeSève / Ste-Catherine,45.5211897037242,-73.55379804968834,23
103,Métro Papineau (Dorion / De Maisonneuve),45.5238445756922,-73.55236601831166,32
104,Place d'Youville / St-Pierre,45.50071980272601,-73.55541569556863,27
105,Lebrun / Notre-Dame,45.59653748532998,-73.51166725158691,19
106,de Maisonneuve / Aylmer (est),45.50538591756765,-73.5704317688942,21
107,Square-Victoria (Viger),45.50208503935104,-73.56294138360681,37
108,de Bordeaux / Ontario,45.52764935440388,-73.55826368197086,35
109,Métro Frontenac (Ontario / du Havre),45.533705987798946,-73.55217933654784,23
110,Gascon / de Rouen,45.5353519228624,-73.55539619966294,23
111,de Maisonneuve / de Bleury,45.50710068509571,-73.56907725334167,36
112,La Fontaine / Alexandre-DeSève,45.52330366033427,-73.55799973011017,19
113,Ontario / Poupart,45.53181652808492,-73.5536502600371,19
114,Parc Martin-Luther-King (de Kent),45.50159494820827,-73.63293551999959,31
115,Métro Villa-Maria (de Monkland / Décarie),45.4790046017838,-73.61956179141998,26
116,Casgrain / de Castelnau,45.53665716166132,-73.61906187670684,27
118,Parc Benny (Benny / de Monkland),45.46691310542626,-73.6315867306621,23
119,Fullum / Sherbrooke,45.53378566312351,-73.56228053569794,39
120,Messier / Rachel,45.53451813633701,-73.56532464451448,27
121,de Bordeaux / Sherbrooke,45.529817997585944,-73.56293704368,19
122,Jeanne-Mance / Sherbrooke,45.50934693918775,-73.57122302055359,21
123,University / Prince Arthur,45.5075118991584,-73.57877546523923,47
124,Hutchison / Prince-Arthur,45.50975858607626,-73.57610732316971,24
125,André-Laurendeau / Rachel,45.54303187243879,-73.56256484985352,23
126,Atwater / Sherbrooke,45.4912258547597,-73.58763009309769,31
127,Drolet / Beaubien,45.533348,-73.605834,31
128,de Gaspé / Beaubien,45.531957916826386,-73.60700100660324,19
129,2e avenue / St-Joseph,45.544580831168204,-73.5717111825943,19
130,Complexe Loto-Québec (Bridge),45.4880288619314,-73.55366593255894,17
131,Métro Fabre (Fabre / Jean-Talon),45.546634811657086,-73.60776543617249,11
132,Métro D'Iberville (Louis-Hébert / Jean-Talon),45.552957242708004,-73.60235005617142,15
133,Drummond / Sherbrooke,45.500535752214155,-73.578113079202,23
134,Drolet / Marie-Anne,45.522402573414084,-73.58117669820786,18
135,Bercy / Rachel,45.53840340979245,-73.56196403503418,19
136,des Érables / de Rouen,45.53039534011241,-73.56029033660889,23
137,Berri / Laurier,45.52801498056221,-73.58817509377332,19
138,Calixa-Lavallée / Rachel (ouest),45.52782894394495,-73.5719577784721,37
139,Gauthier / de Lorimier,45.53166363055749,-73.56536373496056,19
140,Gauthier / Papineau,45.529727921630254,-73.56720596693776,23
141,Émile-Duployé / Rachel,45.52970707609694,-73.56998120721983,24
142,des Érables / Rachel,45.533268294539454,-73.56660163302877,19
143,de Lanaudière / du Mont-Royal,45.53008802331729,-73.57688208474428,31
144,Henri-Julien / Duluth,45.519708622694985,-73.57674568891525,27
145,du Parc-La Fontaine / Duluth,45.52451761488783,-73.57197672128677,31
146,du Parc-La Fontaine / Roy,45.5231827906644,-73.56890878641934,23
147,Calixa-Lavallée / Sherbrooke,45.52479,-73.56545,19
148,Émile-Duployé / Sherbrooke,45.52719536319051,-73.5645255446434,27
149,Chapleau / du Mont-Royal,45.53867,-73.56936,19
150,Messier / du Mont-Royal,45.53711414,-73.5710031,35
151,Parthenais / du Mont-Royal,45.53640396516409,-73.57141345739365,23
152,Chabot / du Mont-Royal,45.534160748486144,-73.57358610530355,27
153,Marie-Anne / Papineau,45.53176697148175,-73.5724139213562,23
154,Marquette / du Mont-Royal,45.53221791147474,-73.57543140649796,23
155,Parc St-Roch (Ball / Durocher),45.531988684096795,-73.63144129514694,15
156,Marie-Anne / de la Roche,45.52759334588709,-73.57625037573598,19
157,Chambord / du Mont-Royal,45.529722664832555,-73.57739746570587,27
158,Gilford / de Brébeuf,45.530870247773066,-73.58155757188797,19
159,20e avenue / de Bellechasse,45.55992951142522,-73.5767751932144,19
160,Garnier / Gilford,45.53250674403981,-73.58016096510255,19
161,Marquette / du Mont-Royal (sud),45.53207722797955,-73.57514306902884,23
162,St-Dominique / de Bellechasse,45.52952466565309,-73.60488876700401,27
163,Marquette / Laurier,45.53522040662989,-73.58194923301198,31
164,de Lanaudière / Laurier,45.53325634495565,-73.58357376420827,27
165,Laurier / de Brébeuf,45.5325884011355,-73.58466408217282,31
166,St-Grégoire / Christophe-Colomb,45.53255611409675,-73.58993947505951,39
167,Garnier / St-Grégoire,45.5358215436799,-73.58710169792175,23
168,Marmier / St-Denis,45.53080495407925,-73.59839648008347,27
169,Boyer / du Mont-Royal,45.52749327748997,-73.57999514846595,23
170,St-André / Laurier,45.52951608646879,-73.5875448033039,19
171,Paré / Mountain Sights,45.49808281150267,-73.6530089378357,13
173,Berri / Cherrier,45.519266156911335,-73.5692971944809,37
174,Roy / St-Denis,45.51910107799227,-73.57268296636903,26
175,Ste-Catherine / St-Denis,45.51392079390448,-73.56040771272092,31
176,du Parc-La Fontaine / Rachel,45.52551168509886,-73.57424452900887,15
177,St-Hubert / Duluth,45.522425652788634,-73.57418417930603,27
178,St-André / Rachel,45.52409561323593,-73.57537156904073,15
179,Duluth / St-Denis,45.52062760607925,-73.57594907283782,15
180,McGill / Wellington,45.49945196134134,-73.55490782832021,30
181,Clark / Rachel,45.517537449207474,-73.58241524554614,15
182,de l'Hôtel-de-Ville / du Mont-Royal,45.522178004145694,-73.58460858464241,19
183,Laval / du Mont-Royal,45.5223645775784,-73.58414590358734,23
184,Resther / du Mont-Royal,45.52560376254711,-73.58171582221985,23
185,des Érables / Bélanger,45.54912085535069,-73.60087350010872,15
186,St-Hubert / Laurier,45.52899865438042,-73.58811474407048,19
187,McGill / Place d'Youville,45.500014581102505,-73.55625258141116,29
188,de Mentana / Marie-Anne,45.526026565221414,-73.57785880565643,27
189,Chabot / Villeray,45.552289376429215,-73.61300647258759,15
190,Berri / Gilford,45.52677632748293,-73.58606100082396,23
191,St-Zotique / St-Urbain,45.53090273805036,-73.61400783105636,39
192,Waverly / Bernard,45.52562443297396,-73.60413372516632,31
193,de l'Esplanade / Fairmount,45.521546574453595,-73.59697759151459,15
194,Maguire / de Gaspé,45.526110205402006,-73.59430432330555,15
195,de Bullion / Laurier,45.52448601488588,-73.5913065727982,19
196,Villeneuve / St-Dominique,45.522272664526696,-73.58870131898584,27
197,de Bordeaux / Masson,45.539037937964046,-73.58252048492432,19
198,Hélène-Baillargeon / St-Denis,45.52973581777825,-73.59512954950333,23
199,Clark / St-Viateur,45.5251943015533,-73.59935637563467,15
200,Maguire / St-Laurent,45.524628485592636,-73.5958108305931,26
201,de l'Hôtel-de-Ville / Villeneuve,45.52348082760688,-73.58732756238169,23
202,Aylmer / Sherbrooke,45.50632270771772,-73.57282285902329,27
203,Ste-Famille / Milton,45.510873780916974,-73.57253248624147,31
204,Jeanne-Mance / Prince Arthur,45.51120402550545,-73.5752785205841,35
205,Ste-Famille / des Pins,45.512856179335664,-73.57692807912827,27
206,Boyer / Jean-Talon,45.541374968866094,-73.61213207244873,15
207,Morgan / Ste-Catherine,45.55153738028082,-73.53374017651731,21
208,Métro Sauvé (Berri / Sauvé),45.550692068419764,-73.65636706352234,29
209,des Pins / St-Laurent,45.51522812881499,-73.5750961303711,31
210,Duluth / de l'Esplanade,45.515132275425785,-73.58105599880219,27
211,Coloniale / Marie-Anne,45.5199736855172,-73.58307659669663,23
212,du Square-St-Louis / Laval,45.51608652423074,-73.570156325477,35
213,Mackay / Sherbrooke,45.49729137739268,-73.57993644714952,23
214,Parc Jeanne-Mance (monument sir George-Étienne-Cartier),45.514798855245644,-73.58475253908182,47
215,Vallières / St-Laurent,45.518967223320054,-73.5836161673069,23
216,de Bullion / Roy,45.516743987709646,-73.57451271323953,19
217,Rachel / de Brébeuf,45.526911494644025,-73.5727014299664,29
218,du Mont-Royal / Clark,45.51941,-73.58685,39
219,Viger / St-Alexandre,45.50277718129152,-73.56257831950643,27
220,de l'Esplanade / Rachel,45.51632578806269,-73.58348769172153,43
221,Villeneuve / du Parc,45.518197623521424,-73.59239235520363,15
222,de l'Esplanade / Villeneuve,45.51943184213857,-73.59095953859651,19
223,Hôpital Maisonneuve-Rosemont (Rosemont / Chatelain),45.57556589690592,-73.56098317064607,35
224,Jeanne-Mance / Laurier,45.52027633320609,-73.59497621666378,22
225,Parc Plage,45.50265874381411,-73.52747356791951,19
226,Waverly / St-Viateur,45.52392772648164,-73.60018442851468,31
227,Jeanne-Mance / St-Viateur,45.52298923814366,-73.60188654625745,27
228,Clark / de l'Arcade,45.527371996141,-73.60398352146149,19
230,Fabre / Laurier,45.53458302814292,-73.5826286687734,23
232,Chambord / Gilford,45.53149589691095,-73.58106877662067,19
233,St-Dominique / Napoléon,45.51666442219882,-73.57722043991089,31
234,de Bordeaux / Jean-Talon,45.54975479298636,-73.60556602478027,19
236,Clanranald / de la Côte-St-Luc,45.47900836315578,-73.62692713737488,19
237,Dorion / Gauthier,45.53081165221863,-73.56643053399237,23
239,Bloomfield / Bernard,45.5203025695855,-73.60770916839101,27
241,Bloomfield / Van Horne,45.52269103555241,-73.6132076382637,23
242,Métro Outremont (Stuart / Van Horne),45.519795315302375,-73.61585622045823,23
243,St-Dominique / St-Zotique,45.53226461018495,-73.6110632121563,31
244,Coloniale / Rachel,45.51902715372042,-73.58109146374773,27
245,Bélanger / St-Denis,45.53693764427264,-73.61201727835576,23
246,Marché Jean-Talon (Henri-Julien / Jean-Talon),45.53678525128436,-73.6148879583925,23
247,Alma / Dante,45.53471042512659,-73.61165037020328,23
248,Mozart / St-Laurent,45.53328624709234,-73.61546382309369,23
249,Métro Jean-Talon (Berri / Jean-Talon),45.53907429044591,-73.61433579217191,19
250,Boyer / Bélanger,45.54006,-73.60897,27
251,Boyer / St-Zotique,45.53866220045916,-73.60580742359161,27
253,de St-Vallier / St-Zotique,45.53642012551291,-73.60808193683624,19
254,de Lanaudière / Rosemont,45.537836704410026,-73.59235455855014,43
255,Aylmer / Milton,45.50755746201694,-73.57523024082184,23
256,Cartier / Dandurand,45.53923559055867,-73.58594566583633,23
257,Louis-Hémon / Rosemont,45.54430551341823,-73.58791708946228,19
258,Christophe-Colomb / Beaubien,45.53783932655299,-73.60115647315979,19
259,Hingston / de Monkland,45.470499497658096,-73.62758696079254,23
260,de Bordeaux / de Bellechasse,45.54325917626278,-73.59154611825943,19
261,Le Ber / Ste-Madeleine,45.480416979305645,-73.55316370725632,19
262,Louis-Hémon / de Bellechasse,45.5453890204187,-73.5900852098348,23
263,Chabot / Beaubien,45.54445579363651,-73.59582424163818,15
264,Chabot / St-Zotique,45.545906055635804,-73.5990992774532,19
265,Wurtele / de Rouen,45.53762520750301,-73.55345231517276,15
266,Fabre / St-Zotique,45.543653916207866,-73.60126135876271,19
267,Prince-Albert / St-Jean-Baptiste,45.640138058064,-73.4923571348736,15
268,1ère avenue / Jean-Talon,45.55490904991144,-73.60110707616512,23
269,Cartier / Bélanger,45.546779039476185,-73.60281676054001,23
270,Christophe-Colomb / St-Joseph,45.53036486555959,-73.58439266681671,27
271,Parc de Turin (de Lanaudière / Jean-Talon),45.545350334193245,-73.61032962799072,23
272,de la Roche / Bélanger,45.54159135681213,-73.60757953489156,23
273,Louis-Hémon / St-Zotique,45.548551910039606,-73.59688212736727,15
274,Louis-Hébert / Bélanger,45.55158518908433,-73.59916493296623,19
275,St-Maurice / St-Henri,45.49980867018228,-73.55891436338425,23
276,Holt / Fullum,45.543937325185645,-73.58444631099701,27
277,de St-Vallier / Rosemont,45.531921043052655,-73.59804779291153,23
278,Boyer / Rosemont,45.53409866804061,-73.59553456306458,31
279,de Bellechasse / de St-Vallier,45.53341043363302,-73.60112428665161,19
280,Augustin-Cantin / Shearer,45.48390169543355,-73.56363236904144,31
281,Marie-Anne / St-Hubert,45.5246829812827,-73.5788968205452,23
282,Vézina / Westbury,45.49368023334263,-73.64615975684501,16
283,Ste-Catherine / du Fort,45.491942347417705,-73.58135426489753,35
284,de l'Esplanade / Bernard,45.525135263474645,-73.60465995037885,27
285,Hutchison / Van Horne,45.52496238180383,-73.61054605806203,23
286,Bernard / Jeanne-Mance,45.52429587282263,-73.60491156578064,23
287,Parc Henri-Julien (Legendre / Henri-Julien),45.54599474776933,-73.64664445873132,23
288,Bibliothèque et Complexe aquatique Rosemont (8e avenue / Rosemont),45.551574858642525,-73.58225226402283,19
289,Boyer / de Bellechasse,45.53578876027516,-73.59934665262699,27
290,du Séminaire / de la Montagne,45.4921078892434,-73.56246292591095,39
291,de la Montagne / Notre-Dame,45.492913379064625,-73.5646878182888,23
292,Fullum / Gilford,45.539198007249375,-73.5737818479538,23
293,2e avenue / Beaubien,45.550883740757165,-73.58961059029753,23
294,St-Dominique / Laurier,45.52368736307361,-73.59259269202084,22
297,Métro Charlevoix (Centre / Charlevoix),45.47840089832752,-73.56956273317337,19
301,Notre-Dame / St-Martin,45.48830194643546,-73.56871783733366,19
302,St-Dominique / de Maisonneuve,45.511034860260054,-73.56477499008179,23
303,6e avenue / Wellington,45.45542715196195,-73.56789708137512,19
304,6404,0.0,0.0,0
305,Turgeon / St-Ambroise,45.476882063770205,-73.5778742578259,19
306,Marché Atwater,45.48020822800015,-73.57759863138199,32
307,Workman / Vinet,45.483788863965174,-73.5750612616539,23
308,Métro Georges-Vanier (Terrasse Coursol / Canning),45.48882629021402,-73.57531207291686,19
309,de l'Hôtel-de-Ville / Rachel,45.51989655507833,-73.58010649681091,14
311,4e avenue / de Verdun,45.45686162938348,-73.57212341392369,15
312,de Darlington / Van Horne,45.50802125812845,-73.62575437880878,23
313,Bel-Air / St-Antoine,45.4824297233159,-73.58367975812143,15
314,Goyer / Côte-des-Neiges,45.50322673702521,-73.6364937480721,19
315,Drolet / St-Zotique,45.53488214147823,-73.60941231250763,31
316,de Lanaudière / Marie-Anne,45.52932643090091,-73.57480645179749,15
317,Métro Côte-des-Neiges (Jean-Brillant / de la Côte-des-Neiges),45.49546010143993,-73.62238839279598,31
318,Parc Rosemary-Brown (McLynn / Plamondon),45.489762999003595,-73.64815503369755,17
319,10e avenue / Masson,45.550393662727416,-73.5737616321785,27
320,de Bordeaux / St-Joseph,45.53683253167888,-73.57777421686478,19
321,La Fontaine / Lyall,45.57943760505458,-73.5196280479431,19
322,Bourbonnière / Ontario,45.547982377134296,-73.54323193501841,29
323,Bourbonnière / Hochelaga,45.54987688385806,-73.54922890663147,19
324,des Pins / Hutchison,45.51077694102021,-73.57825007289647,27
325,Aylwin / Ontario,45.544290485374304,-73.54523241519928,27
327,Dézéry / Ontario,45.54095791741757,-73.54702949523926,27
328,Parc Lalancette (de Rouen / Valois),45.54814504700217,-73.5471260547638,23
329,La Fontaine / Bossuet,45.5692653047045,-73.5261806845665,19
330,Marché Maisonneuve (Ontario / Morgan),45.55320739706075,-73.53961640599664,22
331,Desjardins / Ontario,45.55118417872238,-73.54087114334106,23
332,Guizot / St-Laurent,45.5396962357613,-73.634512424469,19
333,Faillon / St-Denis,45.539890852781404,-73.62026989459991,23
334,Drolet / Gounod,45.54095134225734,-73.62637460231781,23
335,de Gaspé / Jarry,45.540780049797995,-73.63040059804916,23
336,Guizot / St-Denis,45.543423548290185,-73.63246187567711,19
337,de Gaspé / de Liège,45.54248521237199,-73.63634169101715,23
338,Leman / St-Hubert,45.5476904779454,-73.63069295883179,19
339,Métro Jarry (Lajeunesse / Jarry),45.54355974189168,-73.62777203321457,23
340,du Rosaire / St-Hubert,45.544788287191764,-73.62160965800285,15
341,Boyer / Everett,45.54314947747405,-73.61606528624179,19
342,Parc Villeray (Jarry / Christophe-Colomb),45.548513207676116,-73.62365484237671,15
343,Harvard / de Monkland,45.474565185029945,-73.62403571605682,23
344,de Normanville / Everett,45.545432605263116,-73.61438512802124,23
345,Regina / de Verdun,45.46734390596128,-73.57078850269318,19
346,Papineau / Jean-Talon,45.54776185680092,-73.60690712928772,23
347,Métro Mont-Royal (Place Gérald-Godin),45.52434980398798,-73.58144380187696,47
348,de Chambly / Sherbrooke,45.54895086493196,-73.55526924133301,23
349,Métro St-Michel (10e avenue / Shaughnessy),45.55849019501049,-73.59935268759727,19
350,de Ryde / Charlevoix,45.4757434,-73.5646007,27
351,de Laprairie / Centre,45.48059248038378,-73.56577813625336,23
355,Tupper / du Fort,45.49143153590894,-73.58038872498582,23
356,Lajeunesse / de Liège,45.54566376066234,-73.63510044919167,15
357,de Gaspé / Villeray,45.53888723230076,-73.62390697002411,19
358,Marcil / Sherbrooke,45.471743,-73.613924,27
359,Ontario / Sicard,45.55626186680846,-73.53744059801102,27
360,Oxford / Upper-Lachine,45.46888468151876,-73.60943713759298,19
362,1ère avenue / St-Zotique,45.55187986673951,-73.59359055775712,19
363,Place de la Paix (St-Laurent),45.50928960913111,-73.56241598725319,27
364,Gilford / des Érables,45.537210747087414,-73.57540126111417,19
365,15e avenue / Dandurand,45.554786595434784,-73.57425928115845,23
366,1ère avenue / Rosemont,45.54779995287998,-73.58486741781235,23
367,de la Côte-St-Antoine / Royal,45.468926984877434,-73.6198702454567,19
368,de Chambly / Rachel,45.54991069359101,-73.55826258659361,23
370,Wilderton  / Van Horne,45.51014162409143,-73.6247518658638,27
371,Dandurand / D'Iberville,45.5443716426341,-73.5809513926506,19
372,9e avenue / Masson,45.54964350222997,-73.5736209154129,15
373,U. Concordia - Campus Loyola (Sherbrooke / West Broadway),45.45750908083069,-73.6394852399826,26
374,d'Orléans / Masson,45.557192,-73.569847,19
375,5e avenue / Masson,45.54753589193075,-73.57536166906357,27
376,Parc du Pélican (1ère avenue / Masson),45.54518840394769,-73.57644259929657,39
377,7e avenue / St-Joseph,45.54710817336986,-73.56936693191528,27
378,Parc André-Lavallée (Laurier),45.55331992800521,-73.56932803988457,24
379,St-Rémi / Ste-Émilie,45.46976497412213,-73.58923405408859,27
380,16e avenue / St-Joseph,45.55293611277267,-73.56577143073082,23
381,Ottawa / du Séminaire,45.4912954250061,-73.56159925460815,23
383,Lanouette / de l'Église,45.46337393327436,-73.57683420181274,15
384,Parc J.-Arthur-Champagne (de Chambly / du Mont-Royal),45.551584,-73.561916,19
385,Omer-Lavallée / du Midway,45.5457759528664,-73.56217458844185,18
387,Darling / Sherbrooke,45.54545514686953,-73.55673909187317,23
388,Métro Pie-IX (Pierre-de-Coubertin / Desjardins),45.554373399819674,-73.55137467384337,49
389,Elmwood / McDougall,45.51778642010814,-73.60364019870758,15
390,Parc Hilda-Ramacière (de Bullion / Prince-Arthur),45.51562131982338,-73.57212960720062,27
391,Parc Pratt (Dunlop / Van Horne),45.514918954061876,-73.61968517303467,15
392,Parc Joyce (Rockland / Lajoie),45.515617,-73.614991,19
393,de la Cote-Ste-Catherine / Davaar,45.51416245548193,-73.61105918884276,11
394,Hudson / Goyer,45.507437367855864,-73.63265757772751,18
396,Parc Jarry (Gary-Carter),45.53387652694219,-73.62379329340911,42
397,St-Dominique / Jean-Talon,45.53520398241678,-73.6175217570053,31
399,des Érables / Laurier,45.538514913607656,-73.57769921422005,19
400,du Souvenir / de Bois-de-Boulogne,45.57029810554976,-73.70220910760054,23
401,de l'Hôtel-de-Ville / Sherbrooke,45.514524730294404,-73.56835573911665,31
403,Campus MIL (Outremont / Thérèse-Lavoie Roux),45.522875199531676,-73.61794576048851,31
404,Prince-Arthur / St-Urbain,45.512522576774245,-73.57380688201374,23
406,Parc Jean-Drapeau (Chemin Mac Donald),45.512476882594164,-73.53211395477956,35
407,Casino de Montréal,45.5063732,-73.52457672,34
408,Métro Parc (Hutchison / Ogilvy),45.53035130173597,-73.6243924498558,33
409,La Ronde,45.52156536710626,-73.53533238172531,23
413,Wilson / Sherbrooke,45.4703791154553,-73.61663818359374,23
414,Letourneux / Hochelaga,45.55465888075087,-73.54660302400589,15
417,Cartier / Rosemont,45.541298966767236,-73.59117996005807,19
418,Notre-Dame-de-Grâce / Décarie,45.477332647079656,-73.61529976129532,15
419,Métro Côte-Ste-Catherine (Beaucourt / de la Côte-Ste-Catherine),45.491513,-73.633649,23
421,Plessis / Ontario,45.52362696155838,-73.56105482478597,19
422,Métro Snowdon (de Westbury / Queen-Mary),45.485331256444724,-73.62817168235779,27
423,Chambord / Fleury,45.55984990093003,-73.65844255797128,23
424,Métro Crémazie (Crémazie / Lajeunesse),45.54640752148169,-73.63842844963074,15
425,Milton / Hutchison,45.50872157253173,-73.57433224849046,22
426,Ste-Catherine / Union,45.50370387789841,-73.56941521167755,37
427,Parc St-Henri (Laporte / Guay),45.4801160762769,-73.58560770750046,15
428,Métro de l'Église (Ross / de l'Église),45.4628312022419,-73.56593772768973,19
429,St-Dominique / Duluth,45.51758531792454,-73.5793261978597,23
430,Métro Lasalle (de Rushbrooke / Caisse),45.47072659825637,-73.56546904899005,30
431,Place du Commerce,45.46714,-73.54259,33
432,Clark / Prince-Arthur,45.513342512307055,-73.57301607728004,31
433,Berlioz / de l'Île des Soeurs,45.45998577640931,-73.54395568370819,23
437,Clark / Laurier,45.52260931690335,-73.5936618458436,19
438,de Maisonneuve / Greene,45.48697062,-73.58929306,19
439,Hillside / Ste-Catherine,45.48284635977799,-73.5909104347229,15
440,Victoria / de Maisonneuve,45.47742856483265,-73.60016942024231,15
441,Victoria Hall (Sherbrooke),45.48129146961133,-73.6003303527832,15
442,de la Côte St-Antoine / Argyle,45.48624101696415,-73.59572768211365,19
443,Parc Immaculée-Conception (Davis),45.492138507706834,-73.42178541250178,27
444,St-Charles / Grant,45.539666177205206,-73.50903868675232,23
445,Orchard / Grenier,45.48454021069804,-73.43047272472177,23
446,Guilbault / St-Charles,45.53586674576545,-73.51262534109992,23
447,Labonté / du Coteau-Rouge,45.526787093145025,-73.49153663970355,23
448,Logan / Tiffin,45.513749710895915,-73.50879237126719,15
452,Parc Ludger-Duvernay (St-André / St-Hubert),45.53147464147482,-73.59242051839828,19
453,14e avenue / Jean-Talon,45.56132407262574,-73.59629362821578,16
454,Letourneux / Ste-Catherine,45.55078357889704,-73.53409996037954,19
455,Stanley / Sherbrooke,45.50105732321463,-73.57722634080346,39
456,Rivard / Rachel,45.52224500118916,-73.57749027576119,23
457,Sherbrooke / Jeanne-d'Arc,45.55398156058887,-73.55496388156098,27
458,19e avenue / St-Zotique,45.56168275734862,-73.58564794063568,22
459,3e avenue / Bannantyne,45.457664178809154,-73.57588469982147,15
460,Moffat / de Verdun,45.450140076761485,-73.57224548308295,23
461,Métro Jolicoeur (de Sève / Drake),45.45608545783109,-73.58193710446358,19
462,Métro Verdun (Willibrord / de Verdun),45.45937359425342,-73.57200354337692,21
463,de Champigny / Angers,45.46096419911169,-73.58503150279603,19
464,Péloquin / Fleury,45.55702542271257,-73.65956211535376,14
465,Mozart / Waverly,45.5315236502754,-73.61701235175133,15
466,LaSalle / Crawford,45.43791516514076,-73.58253550531117,15
467,29e avenue / St-Zotique,45.56776565172907,-73.57968807220459,15
468,de la Vérendrye / 75e avenue,45.42070552680549,-73.62966051438889,19
469,Natatorium (LaSalle / Rolland),45.4443505862464,-73.57542979723802,23
470,Francis / Fleury,45.56387237463668,-73.6555677652359,15
471,Métro Plamondon (de Kent / Victoria),45.494686752797904,-73.63871866467889,27
472,Sherbrooke / Grand Boulevard,45.466869108819964,-73.62324178218842,19
473,Park Row O / Sherbrooke,45.46076651911507,-73.63394916057587,19
474,Ontario / Ville-Marie,45.56001959585449,-73.534934520776,19
475,Métro Cadillac (Cadillac / Sherbrooke),45.57698149405437,-73.54707982398394,19
476,de Marseille / de la Pépinière,45.576651576813596,-73.54069948196411,23
477,26e avenue / Beaubien,45.56485589064712,-73.5774926841259,15
478,Sir-Georges-Etienne-Cartier / Léa-Roback,45.4716695274391,-73.58256077666738,31
479,Métro Monk (Allard / Briand),45.45133291842274,-73.59250903129578,27
480,Hamel / Sauriol,45.56157008176612,-73.65338176488876,15
481,Richardson / Montmorency,45.48488544394729,-73.5604364177925,35
482,Wiseman/ Ogilvy,45.52635552074225,-73.62701082674903,19
483,St-André / Ste-Catherine,45.516297540849614,-73.55801045894623,27
484,26e avenue / Bélanger,45.567201236902285,-73.58513630926609,19
485,Legendre / André-Grasset,45.5585431972121,-73.63820562786714,19
486,Fortune / Wellington,45.477817318048714,-73.55884194374084,27
487,29e avenue / de Bellechasse,45.56541782500086,-73.57231065630913,19
489,Lajeunesse / Villeray,45.54218173507584,-73.62268656492233,15
490,Métro Henri-Bourassa (Henri-Bourassa / Millen),45.55675103297278,-73.66716161370277,16
491,Émile-Journault / Christophe-Colomb,45.55497306287777,-73.63752351456242,21
492,6e avenue / Villeray,45.55873962047568,-73.60589044634253,11
493,Belmont / Robert-Bourassa,45.501455597281144,-73.5659954537914,27
495,Pierre-de-Coubertin / Langelier,45.580314546424674,-73.5353136062622,15
496,Canning / Notre-Dame,45.486318644010225,-73.5702332854271,27
497,St-Mathieu / Sherbrooke,45.49589450300848,-73.58266854731481,19
498,Lincoln / St-Marc,45.494168413100326,-73.58257412910461,23
499,Eadie / Galt,45.46299810854156,-73.59011898464814,19
500,Jean-Talon / de l'Épée,45.527941351769826,-73.62388551235199,15
501,Métro Acadie (de l'Acadie / Beaumont),45.52357479400008,-73.62344294786453,21
502,Waverly / Beaumont,45.53118825986005,-73.61607760190964,19
503,des Bassins / Rioux,45.49099646036543,-73.55944275856018,31
504,Robert-Bourassa / Ste-Catherine,45.50325409319902,-73.57002343989733,39
505,Gilford / de la Roche,45.53020692408532,-73.58207069792115,18
511,Centre ÉPIC (St-Zotique / 40e avenue),45.57414703721992,-73.57462137937546,23
512,Eadie / Holy-Cross,45.45664727390578,-73.59067171812057,19
514,Ball / Bloomfield,45.529996997063385,-73.63287091255188,11
515,Tolhurst / Fleury,45.544021330079254,-73.66685594488898,19
516,Métro McGill (Union / de Maisonneuve),45.504818908706135,-73.57127962078721,27
517,Jacques-Casault / Christophe-Colomb,45.551951783192195,-73.63014302584816,23
518,Marquette / Fleury,45.56735205736566,-73.65378744900227,15
519,Clark / Fleury,45.54758205939525,-73.66522908210754,19
520,REM Canora (Dunkirk / Jean-Talon),45.513301743525204,-73.63311553446692,27
521,Everett / Garnier,45.54758153109644,-73.61220851540565,23
522,Panet / de Maisonneuve,45.52056694976339,-73.55609618582093,23
523,Earnscliffe / Queen-Mary,45.48184039026578,-73.6304210407252,23
524,Métro Beaudry (Beaudry / Ste-Catherine),45.51888453178292,-73.55593845248222,23
525,St-Hubert / René-Levesque,45.514481971650625,-73.5568732023239,19
526,Hingston / Somerled,45.47351722408452,-73.63420456666063,15
527,Métro Université de Montréal (Édouard-Montpetit / Louis-Collin),45.50363996257211,-73.6182689666748,26
528,Parc des Rapides (LaSalle / 6e avenue),45.42947143740888,-73.59309915918857,23
529,Métro Langelier (Langelier / Sherbrooke),45.58284663189181,-73.54247644543648,19
530,Bennett / Ste-Catherine,45.55315915057821,-73.53263273835182,21
531,Valois / Ste-Catherine,45.545320836331165,-73.53745266795158,22
532,St-Dominique / St-Viateur (nord),45.526777463005935,-73.59877040251376,43
533,St-Germain / Hochelaga,45.54368571443055,-73.55362558810157,19
534,Dollard / Van Horne,45.518996353264406,-73.61592471599579,23
535,Thérèse-Lavoix-Roux / Wiseman,45.522176124901165,-73.61914336681366,15
536,St-Denis / René-Lévesque,45.512963602434084,-73.55860162737372,23
537,Métro Laurier (Berri / St-Joseph),45.52723106564012,-73.58672618865965,21
538,8e avenue / Dandurand,45.550113551561694,-73.5772217810154,19
539,St-Dominique / Bernard,45.52793332015246,-73.60122251338906,19
540,Maguire / Henri-Julien,45.527041096087785,-73.59347056655677,19
541,Fullum / Marie-Anne,45.53650541861215,-73.56803923845291,27
542,de Gaspé / St-Viateur,45.527792312754336,-73.5976084228787,23
543,Cartier / Masson,45.538082026829116,-73.5834718402657,19
544,Cartier / Marie-Anne,45.53280412806031,-73.57190161943436,27
545,Berri / Rachel,45.52275023118295,-73.57724860310555,19
546,Henri-Julien / Laurier,45.52570276261612,-73.59025648796887,19
547,Aylmer / Prince-Arthur,45.50851503397194,-73.57733781602292,23
548,Bourget / Notre-Dame,45.47948743980156,-73.58150329448108,23
549,St-Martin / William,45.487467053436326,-73.56659352779388,23
550,Labadie / du Parc,45.51986871112415,-73.59693787062497,19
551,de l'Esplanade / Henri-Bourassa,45.54737126152857,-73.67215240446967,23
552,Sewell / Roy,45.51467743947122,-73.57659816741943,27
553,du Mont-Royal / Augustin-Frigon,45.54355786336148,-73.56780052185059,23
554,de l'Esplanade / Beaubien,45.528399838582324,-73.61192286014557,19
555,Parc Loyola (Doherty / Somerled),45.45975821479561,-73.64468610187032,15
556,Moïse-Picard / du Mont-Royal,45.550348721495894,-73.56336951255798,23
557,Parc Maisonneuve (Viau / Sherbrooke),45.56493679334249,-73.5555911064148,23
558,Laurier / St-Denis,45.5271540234837,-73.58943924307823,37
559,de Maisonneuve / Mansfield (nord),45.502386079583346,-73.57333794236183,19
560,Peel / Ottawa,45.49419955357054,-73.55998456478119,27
561,Métro Angrignon (Lamont / des Trinitaires),45.44650450192042,-73.6025619506836,23
562,Parc de Dieppe (Pierre-Dupuy),45.501863463435576,-73.5439610481262,35
563,des Vraquiers / Ottawa,45.48972725318433,-73.56406286358833,15
564,Jogues / Allard,45.450020323797766,-73.60030621290207,19
565,Shearer / Centre,45.4828250990486,-73.56206325352105,19
566,Ropery / Augustin-Cantin,45.48115830701398,-73.56890265379661,19
567,de la Côte St-Paul / St-Ambroise,45.467665653865964,-73.59391784324544,27
568,Greene / Workman,45.481069047931975,-73.57935216285114,19
569,Bibliothèque de Verdun (Brown / Bannantyne),45.44878841549165,-73.57767310000781,19
570,3e avenue / Wellington,45.457304311219616,-73.56723271765077,19
571,Place Jean-Paul-Riopelle (St-Antoine),45.503068559731354,-73.56065249343374,23
572,Melrose / de Verdun,45.45381979371188,-73.57238446649716,19
573,de l'Église / de Verdun,45.46304039306682,-73.57167787885372,15
574,Dufour / de Chateaubriand,45.54150647093358,-73.61719608306885,15
575,William / Robert-Bourassa,45.49716534003792,-73.55933010578154,21
576,Drolet / Jarry,45.54195463236575,-73.62994194030762,19
577,Lucien-L'Allier / St-Jacques,45.493527268121085,-73.56851667165755,31
578,Lanaudière / Bélanger,45.54365085053057,-73.60565051436424,23
579,St-Urbain / de la Gauchetière,45.50707812811467,-73.56139540672302,43
580,City Councillors / du Président-Kennedy,45.50634193073862,-73.5714870578704,31
581,des Barges / des Bassins,45.48870881125859,-73.56360595900696,19
582,Jeanne-Mance / René-Lévesque,45.5063713381299,-73.5642009973526,61
583,Favard / Charon,45.47906489499209,-73.55603957621496,23
584,McKenna / Édouard-Montpetit,45.50116436275711,-73.62056359648705,19
585,Beaudry / Sherbrooke,45.52303493310712,-73.56539458036421,27
586,Bishop / de Maisonneuve,45.49720422766309,-73.5777654405865,35
587,Montcalm / Ontario,45.52108615250219,-73.56223225593565,27
588,Michelet / Jean-Talon,45.57627820285533,-73.58353972434998,19
589,St-Dominique / Gounod,45.538591573269706,-73.62778007984161,23
590,Jean-Langlois / Fullum,45.526499983000186,-73.54575277422555,31
591,Joseph-Manseau / René-Levesque,45.491686521008035,-73.57682347297668,23
592,Jean-D'Estrées / Notre-Dame,45.49446964150155,-73.56405885754612,23
593,du Président-Kennedy / Union,45.50526985286565,-73.57177180290819,39
594,St-Hubert / de Maisonneuve,45.51613214980722,-73.56049686670303,23
595,4000,0.0,0.0,3
605,4001,0.0,0.0,11
606,4002,0.0,0.0,7
607,Métro Lionel-Groulx (St-Jacques / Atwater),45.48295816149219,-73.57975836854166,33
608,McTavish / Sherbrooke,45.50277615861811,-73.57589408755302,54
609,Fairmount / Hutchison,45.51969064184933,-73.59826556408734,23
610,Mansfield / Ste-Catherine,45.501467086877504,-73.5717659092188,35
611,Métro Place-des-Arts (du Président-Kennedy / Jeanne-Mance),45.50818044623289,-73.56884594228177,27
612,St-Jean-Baptiste / René-Lévesque,45.64133284607053,-73.5001015663147,15
613,du Tricentenaire / Prince-Albert,45.649662211826595,-73.49247610469318,14
614,de l’Esplanade / St-Zotique,45.52980599045723,-73.61492881791946,27
617,de St-Firmin / Fleury,45.570624722078364,-73.6517858505249,15
618,Fleury / Sackville,45.57691441557181,-73.64626988768576,19
619,St-Cuthbert / Clark,45.51567168354896,-73.57744306325912,19
620,Metcalfe / de Maisonneuve,45.50177034353527,-73.57427495998309,27
621,de l'Hôtel-de-Ville / Duluth,45.51874574329957,-73.57754257883697,23
622,Chabanel / de l'Esplanade,45.541302114240054,-73.65282262732308,23
623,Chabanel / du Parc,45.53830765459552,-73.6548838019371,30
624,Wilfrid-Pelletier / Joseph-Renaud,45.604946019905896,-73.55355179870458,15
625,Grey / Sherbrooke,45.47651075689498,-73.60647261142731,21
626,Union / Ste-Catherine,45.50415891377384,-73.56998169867438,47
627,des Jockeys / Décarie,45.49404432109336,-73.65449488162994,19
628,Métro De la Savane (Bougainville / de Sorel),45.50036849580881,-73.66134421282368,19
629,Graham / Kindersley,45.514080696641386,-73.64694982767105,11
630,St-Joseph / 8e avenue Lachine,45.431518914135125,-73.67110446095467,27
631,St-Viateur / Casgrain,45.52698894823237,-73.59789920415551,23
632,Parc St-Louis (St-Joseph / 34e avenue),45.432839840726125,-73.69349151849747,23
633,Victoria / 18e avenue Lachine,45.43579350588776,-73.6801904439926,15
634,St-Joseph / 21e avenue Lachine,45.43360387238747,-73.68436396121979,19
635,Gagne / LaSalle,45.422451407155854,-73.601194024086,19
636,Mairie d'arrondissement LaSalle (Dupras / Jeannette),45.429166968311485,-73.66280972957611,15
637,Parc Lacharité (Latour / Forget),45.41773748108526,-73.62338548639853,19
638,LaSalle / 37e avenue,45.416294661505354,-73.6129005253315,19
639,Parc Lefebvre (Hardy / Dollard),45.43386708039645,-73.63629615207174,19
640,Casgrain / Maguire,45.52621764749851,-73.5957657695144,23
641,Smith / Peel,45.49276061084002,-73.55641052126883,27
642,Métro Radisson (Sherbrooke / des Groseilliers),45.58917500418707,-73.53965610265732,19
643,Métro Honoré-Beaugrand (Sherbrooke / Honoré-Beaugrand),45.59685627935051,-73.53526366878214,27
644,Jean-Milot / St-Zotique,45.59218153526449,-73.56247685132985,14
645,Ste-Claire / Baldwin,45.60143594318699,-73.52461719114217,23
646,Duchesneau / de Marseille,45.60966953651927,-73.5230084370778,19
647,Tupper / Atwater,45.48885485279502,-73.58356928725698,31
648,Liébert / Hochelaga,45.59587457490178,-73.52352797985077,19
649,University / Des Pins,45.508097025461794,-73.57993757625081,31
650,des Récollets / Martial,45.591057081088465,-73.6408907175064,19
651,Dollard / Bernard,45.51678269880724,-73.61142262816429,23
652,Rosemont / Viau,45.56833021674857,-73.56666326522826,23
653,41e avenue / Rosemont,45.57178977666956,-73.56431499123573,19
654,Jeanne-Mance / Beaubien,45.527650097960205,-73.61229971051216,15
655,Ste-Croix / Tassé,45.51955188138529,-73.68522040550486,15
656,Gilford / Papineau,45.5344424958572,-73.57819139957428,19
657,Métro du Collège (Cartier / Décarie),45.50843904979172,-73.6729645729065,17
658,Montpellier / Stinson,45.5195232737671,-73.66653370863787,23
659,Notre-Dame-de-Grâce / Westmount,45.48046706437983,-73.61122308304402,15
660,Jean-Brillant / Decelles,45.498319625387495,-73.61935560278198,31
661,de Maisonneuve / Wood,45.48819793805841,-73.58807051185067,19
662,O'Brien / Poirier,45.52252484113786,-73.69143962860107,23
663,Gilford / Parthenais,45.53782943723569,-73.57480850077991,15
664,Union / René-Lévesque,45.50234286955102,-73.56654337159853,27
665,Parc Ferland (Belleherbe / Albanel),45.59573798024675,-73.59529852867126,15
666,Glengarry / Graham,45.5091854674106,-73.66043718772289,15
667,Sanguinet / Ontario,45.514891812710616,-73.56587255446357,19
668,Turgeon / Notre-Dame,45.478888528072076,-73.58198940753937,19
669,Parc Dan-Hanganu (Elgar / de l'Île-des-Sœurs),45.45682318753668,-73.546804189682,14
670,LaSalle / Godin,45.44693448484644,-73.57219934463501,27
671,Hickson / Ross,45.464811157633164,-73.56589078903198,27
672,Argyle / Bannantyne,45.45323989735662,-73.57682414352894,23
673,St-Jacques / des Seigneurs,45.489195200559635,-73.57193386455037,23
674,Métro de Castelnau (de Castelnau / St-Dominique),45.53583093762268,-73.61943572759628,23
675,Léonard-de-Vinci / Villeray,45.56581967268723,-73.5998260974884,15
676,Nicolet / Hochelaga,45.54835929271496,-73.55025136916083,23
681,Melville / de Maisonneuve,45.48184019359366,-73.59537899494171,15
682,Parc Montcalm (Parkway / Montcalm),45.53498735530518,-73.76111805438995,19
683,Parc Chopin (Dumouchel / Tessier),45.570726609302966,-73.7370860205192,19
684,Parc St-Claude (7e Avenue / 7e rue),45.56172407167226,-73.69183659553528,27
685,Parc Henri-Dunant (Léger / Henri-Dunant),45.56843961893042,-73.6752020941276,27
686,15e Rue / Robin,45.55937738168307,-73.69850993156433,27
687,Montmorency / Legrand,45.55417055722411,-73.70931923389435,31
688,Laird / Kenilworth,45.50616268300693,-73.64230692386627,19
692,de Gaspé / Marmier,45.529668174024685,-73.60166944563389,21
693,Cégep Marie-Victorin,45.617499783128075,-73.60601127147675,11
694,Hôpital du Sacré-Coeur (Forbes / St-Évariste),45.531970775668555,-73.71351699401657,21
695,du Manoir / Pratt,45.51603828862122,-73.62386727778357,23
696,REM Ville-de-Mont-Royal (Canora),45.5166512494202,-73.64333711600011,23
697,St-Philippe / St-Jacques,45.47696213971606,-73.5881906747818,23
698,de Léry / Sherbrooke,45.54099971663243,-73.55826258659361,27
699,Parc de Beauséjour (Gouin / Henri-d'Arles),45.526765,-73.730423,15
700,Parc nature de l'Île-de-la-Visitation (Gouin / Bruchési),45.57833184623925,-73.65595400333405,19
701,Basile-Routhier / Émile-Journault,45.54820031544192,-73.64172692563443,19
702,Monkland / Girouard,45.47704961437763,-73.62144941066617,23
703,Parc de la Confédération (Fielding / West Hill),45.471881993586074,-73.64002168178558,23
704,Souligny / Desmarteau,45.60444089974122,-73.51611837744713,15
705,des Ormeaux / de Grosbois,45.605901731906485,-73.53436946868896,15
706,Parc MacDonald (Clanranald / Isabella),45.482741483803686,-73.6347082843349,15
707,Parc Reine-Élizabeth (Penniston / Crawford),45.43914465255811,-73.59173655509949,15
708,Parc Labelle (LaSalle / Henri-Duhamel),45.472384197995595,-73.5699999332428,19
709,Legendre / D'Iberville,45.56822889923866,-73.63059377570607,15
710,Beurling / Godin,45.44791581215845,-73.58381867408752,19
711,Grand Boulevard / de Terrebonne,45.47042457337841,-73.63158368665609,19
712,de Chateaubriand / Jarry,45.54588672296563,-73.62673670053482,15
713,de St-Firmin / Sauvé,45.568162257494755,-73.64588163793087,15
716,Parc Marlborough (Beauzèle / Robichaud),45.52234149817879,-73.72167885303497,15
717,Place Rodolphe-Rousseau (Gohier / Édouard-Laurin),45.5129938566323,-73.68249848484993,25
718,du Marché Central / Crémazie,45.53341740599902,-73.64888370037079,15
719,Cégep André-Laurendeau (Lapierre),45.43605512104547,-73.60577523708344,29
720,Terminus Newman (Airlie / Lafleur),45.425059666150744,-73.64959917962551,19
721,du Canal / McLaughlin,45.42969214118378,-73.6694884300232,23
722,St-Antoine / 19e avenue,45.43993803436114,-73.68146234754022,15
723,Lévesque O / 91e Avenue,45.53076833400132,-73.7480498851437,23
724,Graham / Brookfield,45.52028707218173,-73.62980872534536,23
725,Monk / Jacques-Hertel,45.459274136278985,-73.59627153731708,23
726,Egan / Laurendeau,45.45290792768395,-73.58918591405198,15
727,de Valognes / Vallières,45.58694848626288,-73.71573053304928,23
728,Parc Sauvé (Balzac / de Bayonne),45.598880374710674,-73.63657951360437,15
729,La Fontaine / Panet,45.522059017843844,-73.55921662414403,19
730,Provost / 16e avenue,45.44200689108149,-73.67843091487885,15
731,de Côme / Jean-Talon,45.588276517789176,-73.57778479918125,15
732,Lapierre / Serge,45.43854405099729,-73.62021625041962,15
733,Duvernay / Charlevoix,45.482097305112845,-73.57487753033638,19
734,BIXI K5,45.530297633587914,-73.60139787197113,14
735,McCulloch / de la Côte Ste-Catherine,45.51577505385328,-73.60060930252075,19
736,Édouard-Montpetit / Lemieux,45.48916459512178,-73.63164680140471,19
737,Langelier / Marie-Victorin,45.614454259132174,-73.61214063132138,15
738,22e avenue / Everett,45.56703834271867,-73.59426856040955,19
739,Cartier / 64e avenue,45.54180002189215,-73.72844541047925,27
741,de Callières / d'Auvergne,45.593421978698636,-73.6690217256546,23
742,Gilford / St-Denis,45.52497612960628,-73.58558893203735,39
743,Parc Chénier (de l'Aréna / Chénier),45.60248649638568,-73.5432904958725,19
744,Gloria / Dollard,45.42971096449354,-73.633883446455,15
745,Parc Dixie (Dixie / 54e avenue),45.44255264540259,-73.71770113706589,19
746,St-Philippe / St-Ambroise,45.47406382292749,-73.58185529708862,19
747,Parc Atwater (St-Charles),45.477300883436854,-73.57314472410508,19
748,Bégin / du Parc,45.60790865019953,-73.66507954895496,23
749,de Bordeaux / Rachel,45.53207532297607,-73.56769983980485,23
750,de Normanville / Beaubien,45.53931629628341,-73.60053443509969,11
751,de Châteaubriand / Beaubien,45.535331706102355,-73.60346686095,23
752,Messier / St-Joseph,45.53946063965585,-73.57605636119843,17
753,Fullum / Lalonde,45.52988181417389,-73.55400212144559,15
754,Travaux publics LaSalle (Cordner / Léger),45.44527192876118,-73.62448364496231,15
755,6e avenue / Bélanger,45.554552200109434,-73.59614230727857,19
756,CHU Ste-Justine (de la Côte Ste-Catherine / Hudson),45.50398168549117,-73.62283945083618,37
757,Durocher / Beaumont,45.52799772330074,-73.61919969320297,19
758,Clark / St-Joseph,45.52170405230734,-73.5915443315389,23
759,Ouimet / Goineau,45.57504823374693,-73.68799567222595,35
760,Ateliers municipaux de St-Laurent (Cavendish / Poirier),45.506175841460966,-73.71118605136871,19
761,Rousselot / Jarry,45.55081979211847,-73.62088680267334,23
762,Centre des loisirs (Tassé / Grenet),45.51473429416659,-73.69144901633263,15
768,Parc St-Laurent (Salk / Thomas-Chapais),45.6062348,-73.6287838,19
769,Parc Molson (d'Iberville / Beaubien),45.54902230455398,-73.59198164194822,19
770,Parc St-Laurent (Dutrisac),45.52591381815231,-73.68911147117615,19
771,Parc Beaulac (Élizabeth),45.5200557245067,-73.67795147001743,15
772,CHSLD St-Michel (8e avenue / Jarry),45.5616903,-73.610512,15
773,Parc Wilfrid-Bastien (Lacordaire / des Galets),45.5864002,-73.5952181,19
774,Hôpital Santa Cabrini (de Pontoise / d'Évreux),45.58135403391153,-73.57260999085156,15
775,Parc Delorme (Malouin / Laferté),45.5904902,-73.5902694,19
776,Mairie d'arrondissement Montréal-Nord (Hébert / de Charleroi),45.59398503487043,-73.63767206668854,21
777,Parc Luigi-Pirandello (de Bretagne / Jean-Rivard),45.57940569041942,-73.60258877277374,15
778,Parc LaSalle (10e avenue / Victoria),45.43805550384184,-73.67273926734924,19
779,Parc Stoney-Point (St-Joseph / 47e avenue),45.43656827071224,-73.70836973190308,19
780,Masson / Molson,45.54434593245247,-73.57697686180472,19
781,Bibliothèque Jean-Corbeil (Goncourt / Place Montrichard),45.6027276,-73.5579303,11
782,Aréna Chaumont (Chaumont / des Ormeaux),45.610926628992026,-73.54673445224762,19
783,Parc Chamberland (Dorais / de l'Église),45.502989,-73.689113,19
784,Bassin olympique (Chemin du Chenal le Moyne),45.5169025120042,-73.52724552154541,19
785,Parc Noel-Nord (Toupin / Keller),45.51758306374252,-73.72661411762238,19
786,Parc du Bois-Franc (de l'Équateur / des Andes),45.51317758246596,-73.71306091547012,19
787,Parc Grovehill (St-Antoine / Ivan-Franko),45.43982382100397,-73.69487822055817,15
788,Parc Summerlea (53e avenue / St-Joseph),45.43836713933041,-73.71546685695648,15
789,Parc Kirkland (des Érables / Boyer),45.44606092178209,-73.65079946815968,15
790,Métro Montmorency (de l'Avenir),45.55814299291968,-73.71942043304443,23
791,Métro Cartier (des Laurentides),45.56007440937141,-73.68125259876251,19
793,Parc du Mail (Bois de Coulonges / du Mail),45.59833498124187,-73.54596734046936,15
794,Marché Jean-Talon (Casgrain / Shamrock),45.53519006163501,-73.61548215150833,29
796,Métro de la Concorde (Léo-Lacombe),45.5604898518365,-73.7091851234436,19
797,Bibliothèque Hélène-Charbonneau (Lajeunesse),45.5534000891078,-73.66225451231003,15
798,La Tour de Montréal (Pierre-de-Coubertin / Bennett),45.55970526805903,-73.55155438184738,25
799,Parc d'Antioche (Place d'Antioche / St-Zotique),45.59566584124368,-73.5596626996994,19
800,Hôpital Notre-Dame (Alexandre-DeSève),45.525184121241864,-73.5618961509499,21
801,Espaces Waverly (Waverly / Jean-Talon),45.53330725719417,-73.62082242965698,21
802,Terminus Le Carrefour (Terry-Fox / Le Carrefour),45.56842034638607,-73.74687284231186,31
803,LaSalle / 90e avenue,45.41774583815495,-73.64518761634827,15
806,Parc Beaubien Outremont (Stuart / St-Viateur),45.515969694922276,-73.60827505588531,15
807,HEC (Decelles / Jean-Brillant),45.497722829899764,-73.61925333738327,25
808,Parc Olympique (Pie-IX / Sherbrooke),45.554824549823,-73.55370283126831,25
809,de Chenonceau / Chomedey,45.561542095410054,-73.75492699448841,23
810,Mayfield / St-Martin O,45.553017541248565,-73.75822663307189,19
815,Parc Hébert (Colbert / Provencher),45.57237805962001,-73.59370462596415,15
817,Parc Garibaldi (Liénart / Bélanger),45.586476480180046,-73.570396900177,15
818,Alton-Goldbloom / Notre-Dame,45.54502601340392,-73.73787671327591,23
819,Parc Charleroi (Alfred / Louis-Francoeur),45.59953472156509,-73.62360253930092,15
820,Parc Aimé-Léonard (Gouin / Ste-Gertrude),45.60835820969716,-73.63850623369217,17
821,Parc Maurice-Bélanger (Hébert / Denommée),45.5877138098252,-73.63171823322773,15
822,Place Émilie-Gamelin (St-Hubert / de Maisonneuve),45.51586835126322,-73.56008380651474,19
823,Cégep du Vieux-Montréal (Ontario / de l'Hôtel-de-Ville),45.51401222645779,-73.56598667800426,15
824,de Bellechasse / de Lanaudière,45.539306918976,-73.59521873295307,19
825,Gare St-Michel / Montréal-Nord (Pie-IX / 56e),45.583197821913785,-73.62978704273701,15
826,IUSMM (Georges-Villeneuve),45.58661042838809,-73.52969169616699,19
827,Parc Eusèbe-Ménard (Gouin / St-Vital),45.59253950875074,-73.64874824881554,21
828,CHSLD Joseph-François-Perrault (St-Michel / Everett),45.55969734528566,-73.60145956277847,18
829,Mairie d'arrondissement St-Laurent (Beaudet / Marcel-Laurin),45.50682415585665,-73.68184804916382,27
830,Hochelaga / de l'Assomption,45.566883091095185,-73.53943817317486,23
831,REM Montpellier (Muir / de la Côte-Vertu),45.52374047147138,-73.67169924080372,15
832,Bibliothèque du Vieux-St-Laurent (de l'Église / Filiatrault),45.512843286755896,-73.67612421512604,18
833,REM du Ruisseau (Dutrisac / Henri-Bourassa),45.52814371649508,-73.69254536926746,19
834,Métro St-Laurent (de Maisonneuve / St-Laurent),45.51074821798916,-73.56512099504471,24
835,Parc Nicolas-Tillemont (des Érables / Villeray),45.55463653358596,-73.61255215771962,18
837,Parc Ottawa (de Belleville / Fleury),45.58116,-73.6412434,15
838,CHSLD Robert Cliche (de Bellechasse / 16e avenue),45.557568,-73.579191,15
839,Square Viger (Berri / Viger),45.5121682576952,-73.55481594800949,29
840,Collège de Rosemont (Beaubien / 15e avenue),45.55774990838239,-73.58380123972893,29
841,Parc Armand-Bombardier (Perras / Armand-Bombardier),45.6391233,-73.5961118,15
842,de la Sorbonne / du Rousillon,45.58059177772443,-73.6887601017952,23
843,Pierre-Péladeau / du Centropolis,45.56251175219665,-73.74370649456978,31
844,Quartier-St-Martin / Jeanne-Mance,45.55972648673954,-73.74966476114878,23
845,de Grenoble / de Cassis,45.57889719514108,-73.70492711663245,19
846,Le Corbusier / St-Martin O,45.565006717407506,-73.7319054454565,19
847,McNamara / St-Martin O,45.57023792987624,-73.72248888015747,27
848,Préfontaine / Marcel-Pépin,45.54365380040509,-73.55942063033581,19
849,REM Bois-Franc (Keller / Cousineau),45.52355020292929,-73.7138856947422,15
850,de Chambly / de Rouen,45.5470496637535,-73.54892179369926,11
851,Hôpital général juif (de la Côte-Ste-Catherine / Légaré),45.49624140543275,-73.62983867526054,37
852,Parc Ernest-Rouleau (Gouin),45.63131269772338,-73.61631497740746,19
853,Stationnement incitatif de Mortagne (Ampère),45.57251733677832,-73.44312071800232,23
854,Square du Petit-Prince (des Appalaches / Alexis-Nihon),45.51431824920811,-73.70799824595451,15
855,Parc Honoré-Mercier (Notre-Dame / Liébert),45.59275253568305,-73.51035632193089,27
857,de la Côte-Ste-Catherine / Decelles,45.50094101588506,-73.62563699483871,19
858,Stationnement incitatif de Montarville (de Montarville),45.6011635681891,-73.44999354332685,19
859,Quai Yvon-Julien (Marie-Victorin / de Montarville),45.606718042243784,-73.45692034810781,21
861,Parc des Vétérans (des Vétérans / Broadway),45.63147192165401,-73.50819479674101,11
862,Gare Lachine (Sir George Simpson / 48e avenue),45.447821314280105,-73.71091783046722,15
863,Parc de l'Hôtel-de-Ville (Ste-Julie / Laurendeau),45.630686043767284,-73.4948467835784,19
866,Parc de Montréal-Est (Notre-Dame / David),45.61316323215739,-73.50989364087582,19
867,Centre récréatif Édouard-Rivet (Notre-Dame / Lesage),45.62846158049899,-73.49952153861523,15
868,Jean-Paul-Vincent / Adoncour,45.5646764291021,-73.47957750896057,15
870,Fernand-Lafontaine / Adoncour,45.5512193,-73.483912,15
871,Industriel / Louis-J.-Lafortune,45.5818630642485,-73.45524966716766,11
872,Lebrun / Bédard,45.5470644513283,-73.45196210302673,15
873,Place Ville-Marie (Robert-Bourassa / René-Lévesque),45.502182909901194,-73.56825381517409,33
874,Irwin / Allard,45.44890342900198,-73.6049048602581,15
875,du Fort St-Louis / de la Perrière,45.613330089384625,-73.45154017210007,15
877,de Mortagne / de Montarville,45.59147977279279,-73.43605846166611,19
878,de Mortagne / Jean-Neveu,45.56923752103412,-73.44949901103973,19
879,Hôpital Pierre-Boucher (Jacques-Cartier / Bourdon),45.536532102952236,-73.4576690196991,19
880,Lamarre / Lavallée,45.53374770433337,-73.48599582910538,23
881,Parc Laurier (Laurier / Dubuc),45.533610547532355,-73.47374618053436,19
882,Parc St-Sacrement (des Seigneurs / St-Sacrement),45.70234934325735,-73.63957804443088,19
883,Théâtre du Vieux-Terrebonne (St-Pierre / des Braves),45.69223305604548,-73.63703128697125,19
884,Terminus de bus EXO (Côte de Terrebonne),45.697815037503666,-73.65406465532033,21
885,Gare LaSalle (Highlands),45.425612687757926,-73.65713578464238,19
886,Molson / William-Tremblay,45.541602844435374,-73.56496073305605,29
887,Carrefour Angrignon (Angrignon / Newman),45.44843408492706,-73.6129454523325,17
888,Complexe Desjardins (St-Urbain / René-Lévesque),45.50788520688478,-73.56315059590997,41
889,Parc St-Gabriel (Grand Trunk / Ropery),45.478545712518894,-73.56572315096855,19
890,Parc D.-E.-Joyal (Édouard / Windsor),45.50073113467841,-73.47395724618764,15
891,Logan / Lafayette,45.51654502289009,-73.50663459861607,23
892,Parc Bariteau (St-Georges),45.507181850364056,-73.49484494889111,15
895,St-Charles / Montarville,45.5335557310391,-73.51536766939716,19
896,Métro Longueuil-Université-de-Sherbrooke (du Terminus),45.5233308452134,-73.52013658267424,35
897,St-Laurent / de Chambly,45.5398841503055,-73.504639035109,21
898,Beauregard / La Salle,45.511126706889264,-73.4860880487031,19
899,Logan / Poupart,45.5300499902393,-73.54950785636902,19
900,Fullum / Hochelaga,45.53255009724271,-73.55966359518789,27
901,Gascon / Hochelaga,45.53606954324286,-73.55765104293823,19
902,St-Jean / Guillaume,45.53524851020352,-73.5068191587925,15
903,Cartier / du Coteau-Rouge,45.51943181925481,-73.49689332379057,19
904,Pasteur / Perras,45.50185696514266,-73.42693220882211,19
905,Place Charles-Le Moyne (St-Charles),45.52504512475178,-73.51951967460082,27
906,de l'Épée / Laurier,45.516990554375184,-73.5984548554552,27
907,Alexandre-DeSève / Ontario,45.524378086614014,-73.56054916977882,31
908,de Gentilly / St-Jean,45.532497613819366,-73.49942399192514,23
909,St-Dominique / du Mont-Royal,45.52058062365273,-73.5857605934143,23
910,St-Patrick / Thomas-Keefer,45.47801152713375,-73.57427294832632,31
911,Cégep Édouard-Montpetit (de Normandie),45.53724605357659,-73.49498215598032,19
912,Garnier / du Mont-Royal,45.53075597398246,-73.5761762317452,23
913,Collège André-Grasset (Crémazie / Christophe-Colomb),45.550989649719114,-73.63216600382657,19
914,St-Antoine / de la Montagne,45.49553045144697,-73.5683744344442,19
915,Roy / St-Laurent,45.51565182195085,-73.57577390039296,23
916,de Bordeaux / Gilford,45.53609044467119,-73.57616767287254,23
917,René-Lévesque / Papineau,45.52080433822336,-73.55001485248067,35
918,Chabot / Laurier,45.53695781923152,-73.57960850142261,19
919,Ottawa / Young,45.493709053274245,-73.55977854693263,39
920,Hodge / Laperrière,45.51369983907863,-73.6650772206849,19
921,St-Laurent / Joliette,45.52893060032485,-73.51326006931231,21
922,Desaulniers / Marquette,45.524680035316116,-73.51046747529834,21
923,St-Urbain / Laurier,45.521621772827324,-73.59364038817148,19
924,de Gentilly / Roland-Therrien,45.54086016564935,-73.49124181550906,21
925,Churchill / Empire,45.49211844605989,-73.48672430497572,21
926,Marie / de Mont-Royal,45.497292117993744,-73.48374999130101,21
927,Mansfield / Sherbrooke,45.50301533529815,-73.5751303658617,35
928,de la Gauchetière / St-Alexandre,45.503042218391094,-73.56368762477358,19
929,REM McGill (de Maisonneuve / Mansfield),45.502290282919716,-73.57326424022176,23
930,Wolfe / Robin,45.51959908817399,-73.56020073872969,19
931,Métro / REM Édouard-Montpetit (Vincent-d'Indy),45.509884523107424,-73.61148834228516,23
932,Dorion / Ste-Catherine,45.523601337663216,-73.55125665664673,19
933,St-Timothée / Ste-Catherine,45.51687640567004,-73.55733454227448,23
934,St-Antoine / Robert-Bourassa,45.499969609423744,-73.5630382683803,31
935,Square St-Patrick (St-Columban),45.48870785150952,-73.55899317193689,19
936,St-Jacques / Gauvin,45.50066217987036,-73.56105744838715,19
940,Hogan / Ontario,45.53530299560492,-73.55113729834557,11
941,Collège Bois-de-Boulogne (Bois-de-Boulogne / Carrier),45.53797871705978,-73.67647454151665,25
942,Parc Howard (de l'Épée / de Liège),45.533376932033164,-73.64228380847635,21
943,St-Joseph / Lamoureux,45.59260312756609,-73.33754654508994,15
944,N.-P. Lapierre / Armand-Frappier,45.57978196712583,-73.34458894098134,15
945,du Fer-à-Cheval / des Hauts-Bois,45.57231912648751,-73.32789487207265,15
946,Principale / Jean-Duceppe,45.587907229193526,-73.34771825004282,19
947,Terminus Ste-Julie (Armand-Frappier),45.58231159807488,-73.32433423960538,17
948,Édouard-Montpetit / de Stirling,45.50737888711866,-73.61485987901688,31
949,Métro Rosemont (de St-Vallier / Rosemont),45.53180536220488,-73.5975547786984,15
950,Parc Hector-Toe-Blake (René-Lévesque),45.48915410275294,-73.58088755610879,17
951,Parc Gabriel-Sagard (Jean-Talon / Sagard),45.551409571315446,-73.6038225889206,23
952,Métro Viau (Pierre-de-Coubertin / Viau),45.56228814999496,-73.54622590548388,55
953,Hamilton / Jolicoeur,45.45604069169298,-73.59742097561139,15
954,Gare Montréal-Ouest (Coffee / Elmhurst),45.45474981766794,-73.64043474197388,19
955,de Kent / Hudson,45.5058412398175,-73.62931698560715,26
956,Ste-Émilie / Sir-Georges-Etienne-Cartier,45.47302318351006,-73.58503722109162,19
957,Calixa-Lavallée / Rachel,45.52778299244644,-73.57167445577942,29
958,Charles-Biddle / Atwater,45.47910812218358,-73.57523298163869,27
959,Molson / Beaubien,45.54977750895228,-73.59132108093945,23
960,St-André / Roy,45.521743896993634,-73.57048273086548,23
961,35e avenue / Beaubien,45.569996465032766,-73.57307481772295,23
962,Cité des Arts du Cirque (Paul-Boutet / Jarry),45.55921886639137,-73.61400961875916,35
963,Rielle / Wellington,45.4601623491488,-73.56704800195075,23
964,Fabre / Villeray,45.550143604532124,-73.61581206321715,23
965,Papineau / Émile-Journault,45.55991753389444,-73.63352854128607,27
966,Ste-Famille / Sherbrooke,45.51006693207122,-73.57072150607564,31
967,Place Valois (Valois / Ontario),45.54701750084233,-73.543126247896,21
968,Georges-Vanier / Notre-Dame,45.485069570611344,-73.57194995780446,19
969,Marquette / des Carrières,45.5387230818472,-73.58870565891266,27
970,des Érables / Dandurand,45.54140138046783,-73.58403647391242,19
971,St-André / St-Antoine,45.51419520319652,-73.55267222192197,23
972,Parc Dakin (Kenilworth / Morrison),45.50996534821777,-73.6530089378357,23
973,12e avenue / St-Zotique,45.55689016793732,-73.5893744234636,23
974,Peel / Notre-Dame,45.49562086111992,-73.56395772210816,27
977,de la Côte-des-Neiges / Remembrance,45.495506015418115,-73.60577141979775,21
978,Collège Ahuntsic (St-Hubert / Émile-Journault),45.55118940267553,-73.64060204476118,23
979,Collège de Maisonneuve (Sherbrooke / Bourbonnière),45.55144364425768,-73.55469642207026,17
980,Wellington / Queen,45.49770377469073,-73.55534417554736,21
981,de Courcelle / Acorn,45.47400860229191,-73.59178466722369,21
982,Léon / Donck,45.55688821156085,-73.6895003914833,19
983,Armand-Frappier / Louis-R.-Renaud,45.55473635476654,-73.73446963727474,23
984,Thomas-Chapais / Notre-Dame,45.54207756205827,-73.74571412801743,23
985,Métro Préfontaine (Moreau / Hochelaga),45.541313503285316,-73.5537427291274,31
986,Jubinville / Proulx,45.57032430118148,-73.6869764328003,19
987,Halte de Sedan (16e Rue / Pl. de la 16 Rue),45.56463196035338,-73.69917243719101,23
988,Curé-Labelle / 77e Avenue,45.5381776861757,-73.73784855008125,19
989,Pincourt / de Batiscan,45.584238673670974,-73.67190644145012,19
990,des Prairies / du Pacifique,45.549420832009176,-73.70114654302597,15
991,de Blois / des Grandes-Piles,45.589251998013815,-73.6826741695404,19
992,St-Martin O. / de Neuchâtel,45.576219767611406,-73.71347665786743,23
993,Berri / Jarry,45.54306944338219,-73.62848818302155,27
994,Newman / Léger,45.4423746754694,-73.61801972726425,21
995,du Souvenir / de l'Avenir,45.56241232627671,-73.72049868106842,27
996,J J Joubert / Champfleury,45.57822671353744,-73.67531418800354,23
997,Dufault / Lesage,45.60194510616968,-73.6646980047226,23
998,Parc des Hirondelles (Bousquet / Patenaude),45.57682711569213,-73.69446247816086,23
999,Élodie-Boucher / Samson,45.52563954870049,-73.77424752612569,21
1000,SRB Pie-IX (de la Concorde E / Rose-de-Lima),45.601878868782315,-73.65572065114975,21
1001,du Souvenir / Le Corbusier,45.560429419497616,-73.72659265995026,27
1002,de la Concorde / Le Corbusier,45.55443463102357,-73.7218625843525,31
1003,REM Ste-Dorothée (du Bord-de-l'Eau / Gobeil),45.52300306499666,-73.8614193191097,23
1004,de Périgueux / Ampère,45.56936106584533,-73.71076360344887,23
1005,Beauregard / Normandin,45.56009988815697,-73.76683776590653,23
1006,du Bas-du-Plateau-Ouimet / Ste-Rose,45.612562909944444,-73.78909885883331,19
1007,Gare Vimont (Bellerose O),45.60393931630844,-73.74249011278152,21
1008,Parc Le Boutillier (Eliot),45.54032294125352,-73.77539277076721,23
1009,Montgolfier / Notre-Dame,45.533642184867496,-73.78074467225815,31
1010,Industriel / Dagenais O,45.59784032225573,-73.75115096569061,27
1011,de la Renaissance / Honoré Mercier,45.601841286305586,-73.78161573011312,19
1012,Beaucourt / St-Elzéar,45.60634832425651,-73.72389435768127,23
1013,d'Olympia / Olivier-Chauveau,45.611450190629235,-73.74325728316762,23
1014,Thibault / d'Amay,45.62081862190173,-73.75289306044579,23
1015,de Naples / St-Elzéar O,45.60026798457808,-73.73215019702911,31
1016,Ste-Rose E / Soubirous,45.62975097876725,-73.7542650103569,31
1017,Aréna Martin-St-Louis (Sylvie / Lauzon),45.525663894676846,-73.80337625741959,21
1018,Gare Ste-Rose (Ste-Rose E),45.62564503493961,-73.76539081335068,21
1019,Parc Père-Vimont (de Palerme / Marc),45.61727184162768,-73.7326980382204,15
1020,Richard / de Villiers,45.58267035436568,-73.71690189738729,21
1021,Larivière / du Bord-de-l'Eau,45.51793677120121,-73.79407972097397,15
1022,Parc Jarry (Dautry / de Lorne),45.52311386011815,-73.81716683506966,27
1023,des Jacinthes / des Nénuphars,45.52664675275423,-73.83551454444387,23
1024,Hôtel de Ville (Chomedey / Cardinal),45.55031274757401,-73.74430596828459,19
1025,des Nénuphars / du Bord-de-l'Eau,45.521039253158925,-73.8342968215511,19
1026,André / de Rotterdam,45.595149047616815,-73.72775673866272,31
1028,de la Volière / du Chardonneret,45.597421514504155,-73.77834057708242,23
1029,des Rossignols / des Oiseaux,45.591144358842655,-73.77203732728958,15
1030,Parc Notre-Dame (Galipeau / Dufferin),45.622851920920716,-73.78145053982733,23
1031,du Bord-de-l'Eau / Lafontaine,45.52353670109064,-73.84992018352932,19
1032,Parc Hôtel de Ville (de l'Hôtel-de-Ville / Principale),45.529797075820866,-73.81473809480667,19
1033,Parc des Orioles (Le Corbusier / des Orioles),45.595548893752266,-73.76128099858761,19
1034,Roland-Therrien / Jacques-Cartier,45.53294761504841,-73.46243364740076,15
1035,Faribault / de Chambly,45.52219254225171,-73.4650525078905,19
1036,Darveau / de Lyon,45.51408574132741,-73.46286497080655,15
1037,Roland-Therrien / Antoinette-Robidoux,45.53729599334914,-73.46945554159902,19
1038,Regent / Windsor,45.493470267979085,-73.46427715385289,15
1039,des Ormeaux / Mathieu,45.51997865133178,-73.45667577350468,19
1040,Sacré-Coeur / Gamache,45.527631653155645,-73.4708539303574,19
1041,Ste-Hélène / Papineau,45.50908583699481,-73.47197483760283,19
1042,Lawrence / Miller,45.481951345048884,-73.47051444477984,15
1043,Cuvillier / de Chambly,45.51302484317804,-73.44323541976337,19
1044,Nielsen / Windsor,45.49632152389125,-73.46782973969312,15
1045,Charles / Mance,45.4912100684951,-73.47296943529727,19
1046,Parc Gentilly Ouest (Belcourt / Bagot),45.53345929192472,-73.45522172784513,15
1047,Gare Longueuil-St-Hubert (de l'Aéroport),45.508458515772055,-73.43170507616378,21
1048,d'Iberville / Perrault,45.52699840559034,-73.50520766342015,19
1049,Parc Fernand-Bouffard (Duvernay),45.52261405929523,-73.50244474650026,21
1050,Parc Michel-Chartrand (Adoncour / du Lac),45.54319943755763,-73.47358949517911,21
1051,Bibliothèque Raymond-Lévesque (Cousineau),45.491447161960224,-73.40252034401601,21
1052,Marché public de Longueuil (de la Savane),45.51284242857164,-73.43156225049825,22
1053,Montarville / Beaubien,45.519154564374674,-73.4718074556622,15
1054,Empire / Régent,45.484785534117655,-73.47778558731079,15
1055,Ste-Hélène / Curé-Poirier,45.51548878161489,-73.49131516182752,19
1057,de la Commune / Nazareth,45.49355658424554,-73.55335976463721,19
1058,de la Commune / McGill,45.498633663212246,-73.55275064706802,56
1059,Cavendish / Dr.-Frederick-Philips,45.4973653331708,-73.70085525519244,19
1060,Parc du Père-Marquette (de Bellechasse),45.539563966252736,-73.59488010406494,36
1061,Métro Champ-de-Mars (Viger / Sanguinet),45.51034914842941,-73.55668598416742,37
1062,Place des Montréalaises (St-Antoine),45.50882509254338,-73.55598378188006,17
1063,Parc de Roxboro (11e avenue / 9e Rue),45.50597470475642,-73.80355596542358,19
1064,de Pierrefonds / Athéna,45.50568897661343,-73.82263720035553,23
1065,Fredmir / de Pierrefonds,45.50090281462489,-73.83851587772368,23
1066,Mairie d'arrondissement de Pierrefonds-Roxboro (St-Léon / de Pierrefonds),45.494905438779526,-73.84810745716095,23
1067,Esther-Blondin / de Pierrefonds,45.48595518867486,-73.8582918047905,23
1068,Parc du Château-Pierrefonds (de Pierrefonds / du Château-Pierrefonds),45.459423258699,-73.89367818832397,23
1069,Parc Nature du Cap-St-Jacques (Gouin O./ Pilon),45.46182003430373,-73.91838669776917,23
1070,Cégep Gérald-Godin (Gouin),45.482859876285694,-73.86814624071121,23
1071,St-Charles / De Pierrefonds,45.46913577797582,-73.87560278177261,23
1072,Plage du Parc-Nature du Cap St-Jacques (de la Plage / Service),45.46236592807872,-73.94042396146688,23
1073,Bourbonnière / du Mont-Royal,45.553670040779544,-73.56069624434895,27
1074,de la Commune / Berri,45.510605539174136,-73.55013172608778,53
1075,Denault / Claire-Jolicoeur,45.388777731160616,-71.91535416525767,21
1076,Parc Jacques-Cartier (Marcil / Jacques-Cartier Sud),45.397638583361484,-71.91799572670789,21
1077,Galt Ouest / Belvédère Sud,45.39475408270513,-71.8959721084866,21
1078,Wellington Sud / Sanborn,45.39947752018981,-71.88917446416781,21
1079,Cégep de Sherbrooke (du Cégep / Terrill),45.411252809596135,-71.88475150150224,21
1080,Galt Ouest / McManamy,45.389711738711284,-71.90527400935025,21
1081,Marché de la Gare (Belvédère Sud / de la Gare),45.396856322807075,-71.8965297518389,19
1082,Veilleux / Dunant,45.38353015680978,-71.89882329666942,23
1083,Parc Lucien-Blanchard (de la Pointe / Cabana),45.39415512777145,-71.92819482648702,21
1084,Marcil / King Ouest,45.39824503489372,-71.91116816366048,21
1085,U. de Sherbrooke (Registrariat - Voie 3),45.379756292248274,-71.92877769470215,21
1086,U. de Sherbrooke (École de musique - Voie 1),45.37985049196486,-71.92439496517181,21
1087,Galt Ouest / Tétreault,45.38706607049603,-71.92677057350011,15
1088,Queen-Victoria / de Portland,45.40335141501223,-71.90179291647836,15
1089,McManamy / Belvédère Sud,45.38954597602301,-71.89558050597041,15
1090,LaRocque / de Mère-Teresa,45.39093551199074,-71.89041508365335,15
1091,3e avenue / du Conseil,45.4034708532611,-71.88044643513422,15
1092,de l'Ontario / Walton,45.40139395807987,-71.90781003797383,15
1093,Parc Adrien-Cambron (7e avenue Nord / Zéphirin-Cormier),45.41233566650505,-71.87564096415372,15
1094,Murray / Woodward,45.3981913585455,-71.87662131154866,19
1095,10e avenue Nord / King Est,45.40846555887441,-71.87262399125757,15
1096,Wellington Nord / Meadow,45.40400097313716,-71.89187800995569,19
1097,de l'Ancienne-Carrière / de Kingston,45.386382610951244,-71.90125657249155,15
1098,Gillespie / King Ouest,45.399763960241955,-71.89294255340427,19
1099,7e Avenue Nord / Mercier,45.40858806069522,-71.87586243417172,15
1100,Parc Chénier (Albert / Pie-XII),45.56788566897276,-73.90001222491264,29
1101,Parc Jean-Paul Beauchemin (15e Avenue / du Lac),45.5339577543937,-73.89220029115677,21
1102,Mairie de St-Eustache (de l'Église / St-Louis),45.557585710298326,-73.88903042301536,13
1103,Complexe Aquatique St-Eustache (Arthur-Sauvé),45.56034002529232,-73.89600098133087,21
1104,Parc Boisé des Moissons (25e Avenue / 23e Avenue),45.56897614262171,-73.868468105793,21
1105,Parc Clair Matin (St-Laurent),45.5690897421889,-73.88484969735146,13
1106,Bibliothèque Guy-Bélisle (Arthur-Sauvé / de la Grande-Côte),45.5607858358466,-73.88656949624419,21
1107,Parc du Centenaire (Grand-Moulin / du Lac),45.54377389392194,-73.89118373394012,15
1108,REM Deux-Montagnes (de Deux-Montagnes),45.544575812061346,-73.91203103587031,27
1109,Parc Olympia (Guy / 11e Avenue),45.546054374592536,-73.90289559960364,15
1110,Simard / Riverside,45.479254732473294,-73.50029200315474,21
1111,Parc Gordon (Desaulniers / Victoria),45.502128531944145,-73.5138612985611,21
1112,Parc Olympique - Biodôme (Pierre-de-Coubertin),45.559145624076656,-73.54894191026688,53
1113,INRS (Cartier O / Armand-Frappier),45.5450841484476,-73.7206743657589,21
1115,Parc Jenkins (Jenkins / Skaniatarati),45.438047191290174,-73.66213381290436,23
1116,de Carignan / Salley,45.42417249513301,-73.6254045381429,19
1117,Lanaudière / Jean-Talon,45.54536873732921,-73.609659075737,23
1118,Bennett / Pierre-de-Coubertin,45.55817280684129,-73.54849934577942,21
1119,Parc Leta-Graydon (Bouvier / Jacqueline-Sicotte),45.431986656382435,-73.61139178276062,17
1120,St-Denis / Chabanel,45.54806709430523,-73.64884078502655,19
1121,Bennett / Ontario,45.55555101888706,-73.54010224353259,21
1122,Villeray / de Normanville,45.54717111969908,-73.61856222163624,21
1123,des Galeries d'Anjou / Bélanger,45.59721640861631,-73.56278792029116,23
1124,Parc Marguerite-Bourgeoys (Liverpool / Wellington),45.47619292559004,-73.55964884172863,15
1125,Bourret / Victoria,45.493228315327634,-73.63453924655914,23
1126,Côte-des-Neiges / Carlton,45.50173704827292,-73.63384701317045,21
1127,Métro Assomption (Chauveau / Assomption),45.56976664063183,-73.54805678129196,19
1128,Parc Leroux (Centrale / Alepin),45.43442977018593,-73.59671473503113,15
1129,René-Lévesque / Berlioz,45.467215228512806,-73.53769809007643,21
1130,Gordon / Wellington,45.46103554361523,-73.5669556260109,15
1131,de la Gauchetière / de la Cathédrale,45.4980341129844,-73.56796897952336,49
1132,Victoria / Bouchette,45.496300496691674,-73.64223182201385,21
1133,Durocher / Bernard,45.522315188826234,-73.60694468021393,21
1134,Pie-XII / Beauséjour,45.56315550032814,-73.90966214239597,19
1135,Industriel / Primeau,45.56997505986907,-73.92122447490691,21
1136,Hôtel-de-Ville / Viger,45.50956122150542,-73.5575021803379,23
1137,Parc Ignace-Bourget (de Montmagny / Newman),45.455294517774085,-73.60327452426645,15
1138,Lionel-Groulx / Vinet,45.48466800317713,-73.57627496123314,19
1139,Place de la Fontaine / Berlioz,45.463378819186964,-73.543770089791,21
1140,Benny / Sherbrooke,45.46482582806366,-73.62641725691446,23
1141,Parc des Gorilles (Beaubien / St-Urbain),45.52930084902495,-73.61084148298687,21
1142,Télé-Québec (René-Lévesque / de Lorimier,45.52403658541655,-73.54700177929772,21
1143,du Séminaire / Olier,45.49012964196478,-73.56009185314178,29
1144,Riverside / Étienne-Truteau,45.515021405594666,-73.51843267690128,21
1145,REM Grand-Moulin (9e avenue / du Lac),45.536343433534675,-73.88676311820745,21
1146,de Maisonneuve / Mackay,45.49643134687886,-73.57884533707873,19
1147,Gaétan-Laberge / de l'Église,45.463245080202704,-73.56246940797064,19
1148,des Érables / Rachel (nord),45.5335000622424,-73.566931933874,31
1149,Parc du Mont-Royal (Remembrance),45.49916297751204,-73.60059401393755,25
1150,de l'Inspecteur / Notre-Dame,45.49711663419972,-73.56232774259296,19
1151,Rose-de-Lima / Delisle,45.480765376385946,-73.58193688100073,21
1152,Moreau / Ontario,45.53957807580748,-73.54867860685772,29
1153,Boileau / Lacordaire,45.57255764567977,-73.54107509424011,23
1154,Westbury / Van Horne,45.491077658634865,-73.63975799644322,19
1155,Parc Beaubien (Beaubien / 8e avenue),45.553207390555116,-73.58809328639836,21
1158,Davis / Montée St-Hubert,45.49510075992887,-73.42780026621767,19
1159,Parc Belcourt (Bariteau),45.53199780789178,-73.44527973598815,19
1160,Racicot / Roberval,45.51600789162938,-73.45431256122538,19
1161,Parc René-Veillet (Parklane),45.48578667309445,-73.45230895109125,19
1162,Curé-Poirier / Joliette,45.520296419841046,-73.487938400649,19
1163,Route de l'Aéroport (No 5799),45.51382763043854,-73.40756653613425,19
1164,Gareau / Lapointe,45.49733903250207,-73.44140845365473,19
1165,Port Réal-Bouvier (Ch. de la Rive),45.53882543209235,-73.51496133036562,21
1166,Curé-Poirier / Roland-Therrien,45.53771334483822,-73.47695962998841,21
1167,Parc Jean-Jacques-Bertrand (Murray),45.49519267248464,-73.45486139907734,15
1168,Robillard / Mackay,45.48847032126648,-73.4649337461451,23
1169,Payer / Montée St-Hubert,45.48395706347305,-73.44076858375047,19
1170,Parc de la Cité (Davis),45.488375066357754,-73.41081115431734,21
1171,Montée St-Hubert / Grande Allée,45.47973973051584,-73.4481944424624,23
1172,Roland-Therrien / Roberval /,45.52466236610829,-73.4423525355669,15
1173,Payer / Boisvert,45.4761823469698,-73.4294431192393,19
1174,Edgar / Stratton,45.50029631123536,-73.46366944737383,15
1175,Parc Lecavalier (McGill),45.52459438983129,-73.48098932570792,19
1176,Parc Génération (René-Philippe),45.49718171884224,-73.49498359097196,21
1177,Parc Marquette (Nobert),45.514991983135054,-73.48010956115104,21
1178,Parc Jean-de-Lalande (Bourassa),45.523487551479064,-73.49355815715171,15
1181,St-Jacques / Vinet,45.4852313896287,-73.57698427753803,15
1183,Metcalfe / Ste-Catherine,45.500835805244705,-73.572405714458,37
1187,9043,0.0,0.0,3
1189,9031,0.0,0.0,3
1191,9029,0.0,0.0,3
