snapshot_utc,station_id,num_bikes_available,num_ebikes_available,num_docks_available,num_bikes_disabled,num_docks_disabled,is_installed,is_renting,is_returning,last_reported
2026-08-14T03:13:33Z,1,0,0,23,0,0,1,1,1,1786674779
2026-08-14T03:13:33Z,2,8,0,18,1,0,1,1,1,1786676296
2026-08-14T03:13:33Z,3,13,0,1,0,0,1,1,1,1786677158
2026-08-14T03:13:33Z,4,6,0,16,0,0,1,1,1,1786677123
2026-08-14T03:13:33Z,5,7,3,12,4,0,1,1,1,1786675333
2026-08-14T03:13:33Z,6,11,1,4,0,0,1,1,1,1786676139
2026-08-14T03:13:33Z,7,22,1,17,0,0,1,1,1,1786676873
2026-08-14T03:13:33Z,8,33,0,9,1,0,1,1,1,1786675058
2026-08-14T03:13:33Z,9,7,2,15,1,0,1,1,1,1786676959
2026-08-14T03:13:33Z,10,15,1,6,2,0,1,1,1,1786676353
2026-08-14T03:13:33Z,11,6,6,13,0,0,1,1,1,1786677069
2026-08-14T03:13:33Z,12,0,0,23,0,0,1,1,1,1786673001
2026-08-14T03:13:33Z,13,4,0,26,0,0,1,1,1,1786676700
2026-08-14T03:13:33Z,14,19,0,22,1,1,1,1,1,1786676705
2026-08-14T03:13:33Z,15,13,0,2,0,0,1,1,1,1786676870
2026-08-14T03:13:33Z,16,11,1,14,1,1,1,1,1,1786671975
2026-08-14T03:13:33Z,17,25,1,1,1,0,1,1,1,1786677196
2026-08-14T03:13:33Z,18,16,1,2,1,0,1,1,1,1786677032
2026-08-14T03:13:33Z,19,11,5,16,0,0,1,1,1,1786677028
2026-08-14T03:13:33Z,20,15,0,19,1,0,1,1,1,1786676069
2026-08-14T03:13:33Z,21,4,0,13,1,1,1,1,1,1786677127
2026-08-14T03:13:33Z,22,26,0,37,2,0,1,1,1,1786676656
2026-08-14T03:13:33Z,23,2,0,27,2,0,1,1,1,1786677024
2026-08-14T03:13:33Z,24,0,0,9,2,0,1,1,1,1786677205
2026-08-14T03:13:33Z,25,15,0,63,3,0,1,1,1,1786677057
2026-08-14T03:13:33Z,26,0,0,27,0,0,1,1,1,1786676215
2026-08-14T03:13:33Z,28,7,1,7,1,0,1,1,1,1786676432
2026-08-14T03:13:33Z,30,1,0,28,0,0,1,1,1,1786676132
2026-08-14T03:13:33Z,31,0,0,18,1,0,1,1,1,1786676982
2026-08-14T03:13:33Z,32,22,7,5,0,0,1,1,1,1786676221
2026-08-14T03:13:33Z,34,6,0,31,0,0,1,1,1,1786675596
2026-08-14T03:13:33Z,35,13,0,34,0,0,1,1,1,1786677057
2026-08-14T03:13:33Z,36,0,0,0,0,0,0,1,1,86400
2026-08-14T03:13:33Z,37,8,3,14,1,0,1,1,1,1786677096
2026-08-14T03:13:33Z,38,1,0,21,1,0,1,1,1,1786676840
2026-08-14T03:13:33Z,39,24,0,10,1,0,1,1,1,1786674654
2026-08-14T03:13:33Z,40,0,0,21,0,0,1,1,1,1786675098
2026-08-14T03:13:33Z,41,0,0,43,0,0,1,1,1,1786675774
2026-08-14T03:13:33Z,42,14,8,16,1,0,1,1,1,1786676022
2026-08-14T03:13:33Z,43,22,7,0,1,0,1,1,1,1786672693
2026-08-14T03:13:33Z,45,1,0,28,0,0,1,1,1,1786677144
2026-08-14T03:13:33Z,46,8,0,20,3,0,1,1,1,1786677019
2026-08-14T03:13:33Z,47,13,6,2,0,0,1,1,1,1786676610
2026-08-14T03:13:33Z,48,8,0,19,0,0,1,1,1,1786676986
2026-08-14T03:13:33Z,49,3,0,16,4,0,1,1,1,1786677209
2026-08-14T03:13:33Z,50,4,2,15,0,0,1,1,1,1786676728
2026-08-14T03:13:33Z,51,16,0,60,1,0,1,1,1,1786677038
2026-08-14T03:13:33Z,52,0,0,23,4,0,1,1,1,1786676978
2026-08-14T03:13:33Z,55,0,0,23,0,0,1,1,1,1786676108
2026-08-14T03:13:33Z,56,3,2,38,2,0,1,1,1,1786677123
2026-08-14T03:13:33Z,57,2,0,25,0,0,1,1,1,1786677114
2026-08-14T03:13:33Z,58,1,0,26,1,0,1,1,1,1786676866
2026-08-14T03:13:33Z,59,0,0,25,1,0,1,1,1,1786676062
2026-08-14T03:13:33Z,61,0,0,37,2,0,1,1,1,1786676908
2026-08-14T03:13:33Z,62,0,0,48,0,0,1,1,1,1786675740
2026-08-14T03:13:33Z,63,17,0,2,0,0,1,1,1,1786676121
2026-08-14T03:13:33Z,64,14,2,0,5,0,1,1,1,1786668710
2026-08-14T03:13:33Z,65,4,2,14,0,1,1,1,1,1786677197
2026-08-14T03:13:33Z,67,0,0,38,1,0,1,1,1,1786677163
2026-08-14T03:13:33Z,68,0,0,37,0,0,1,1,1,1786673047
2026-08-14T03:13:33Z,69,12,3,0,3,0,1,1,1,1786674350
2026-08-14T03:13:33Z,71,1,0,24,2,0,1,1,1,1786677164
2026-08-14T03:13:33Z,72,6,4,22,2,1,1,1,1,1786677102
2026-08-14T03:13:33Z,73,1,0,30,0,0,1,1,1,1786677084
2026-08-14T03:13:33Z,74,8,2,10,1,0,1,1,1,1786676016
2026-08-14T03:13:33Z,75,1,0,30,1,0,1,1,1,1786677154
2026-08-14T03:13:33Z,76,10,0,9,0,0,1,1,1,1786676715
2026-08-14T03:13:33Z,77,4,0,22,1,0,1,1,1,1786677109
2026-08-14T03:13:33Z,78,14,7,8,1,0,1,1,1,1786676492
2026-08-14T03:13:33Z,79,11,1,6,0,0,1,1,1,1786677115
2026-08-14T03:13:33Z,80,18,0,3,2,0,1,1,1,1786677164
2026-08-14T03:13:33Z,81,4,2,23,4,0,1,1,1,1786676992
2026-08-14T03:13:33Z,82,0,0,22,1,0,1,1,1,1786676394
2026-08-14T03:13:33Z,83,0,0,30,3,0,1,1,1,1786671533
2026-08-14T03:13:33Z,84,19,4,8,0,0,1,1,1,1786676971
2026-08-14T03:13:33Z,85,3,1,11,1,0,1,1,1,1786675961
2026-08-14T03:13:33Z,86,24,0,3,0,0,1,1,1,1786676981
2026-08-14T03:13:33Z,87,2,0,17,0,0,1,1,1,1786676888
2026-08-14T03:13:33Z,88,33,0,7,3,0,1,1,1,1786676798
2026-08-14T03:13:33Z,89,19,0,15,1,0,1,1,1,1786677073
2026-08-14T03:13:33Z,90,17,3,2,0,0,1,1,1,1786677033
2026-08-14T03:13:33Z,91,4,0,13,0,0,1,1,1,1786676388
2026-08-14T03:13:33Z,92,6,0,11,2,0,1,1,1,1786677045
2026-08-14T03:13:33Z,93,22,2,1,0,0,1,1,1,1786677117
2026-08-14T03:13:33Z,94,18,0,0,1,0,1,1,1,1786677210
2026-08-14T03:13:33Z,95,28,1,4,2,1,1,1,1,1786677206
2026-08-14T03:13:33Z,96,9,5,21,1,0,1,1,1,1786676369
2026-08-14T03:13:33Z,97,0,0,0,3,14,0,1,1,1786677189
2026-08-14T03:13:33Z,98,23,1,10,2,0,1,1,1,1786677200
2026-08-14T03:13:33Z,99,16,1,0,0,0,1,1,1,1786675450
2026-08-14T03:13:33Z,100,26,0,0,1,0,1,1,1,1786676931
2026-08-14T03:13:33Z,101,14,0,0,1,0,1,1,1,1786676649
2026-08-14T03:13:33Z,102,22,0,1,0,0,1,1,1,1786677067
2026-08-14T03:13:33Z,103,19,1,1,9,1,1,1,1,1786677202
2026-08-14T03:13:33Z,104,3,0,22,1,1,1,1,1,1786677140
2026-08-14T03:13:33Z,105,4,0,14,1,0,1,1,1,1786671664
2026-08-14T03:13:33Z,106,0,0,21,0,0,1,1,1,1786674868
2026-08-14T03:13:33Z,107,6,0,31,0,0,1,1,1,1786676468
2026-08-14T03:13:33Z,108,35,0,0,0,0,1,1,1,1786674749
2026-08-14T03:13:33Z,109,23,0,0,0,0,1,1,1,1786676853
2026-08-14T03:13:33Z,110,19,1,3,1,0,1,1,1,1786677137
2026-08-14T03:13:33Z,111,1,0,33,2,0,1,1,1,1786676955
2026-08-14T03:13:33Z,112,12,0,1,2,0,1,1,1,1786676350
2026-08-14T03:13:33Z,113,16,0,3,0,0,1,1,1,1786677176
2026-08-14T03:13:33Z,114,4,3,24,3,0,1,1,1,1786677207
2026-08-14T03:13:33Z,115,13,1,15,1,0,1,1,1,1786677039
2026-08-14T03:13:33Z,116,5,2,22,0,0,1,1,1,1786677151
2026-08-14T03:13:33Z,118,19,3,1,3,0,1,1,1,1786675381
2026-08-14T03:13:33Z,119,34,4,1,3,0,1,1,1,1786677043
2026-08-14T03:13:33Z,120,22,2,2,2,0,1,1,1,1786676385
2026-08-14T03:13:33Z,121,17,2,1,0,1,1,1,1,1786677098
2026-08-14T03:13:33Z,122,14,1,6,1,0,1,1,1,1786676394
2026-08-14T03:13:33Z,123,8,0,35,1,0,1,1,1,1786675712
2026-08-14T03:13:33Z,124,18,4,17,0,0,1,1,1,1786676994
2026-08-14T03:13:33Z,125,0,0,22,1,0,1,1,1,1786676622
2026-08-14T03:13:33Z,126,8,7,23,0,0,1,1,1,1786677145
2026-08-14T03:13:33Z,127,1,1,31,3,0,1,1,1,1786676916
2026-08-14T03:13:33Z,128,0,0,18,1,0,1,1,1,1786677132
2026-08-14T03:13:33Z,129,12,2,2,5,0,1,1,1,1786677206
2026-08-14T03:13:33Z,130,12,0,5,0,0,1,1,1,1786676501
2026-08-14T03:13:33Z,131,4,1,5,2,0,1,1,1,1786676559
2026-08-14T03:13:33Z,132,6,2,8,0,1,1,1,1,1786676708
2026-08-14T03:13:33Z,133,0,0,22,1,0,1,1,1,1786677128
2026-08-14T03:13:33Z,134,8,3,13,0,0,1,1,1,1786676619
2026-08-14T03:13:33Z,135,16,5,2,1,0,1,1,1,1786677096
2026-08-14T03:13:33Z,136,21,0,1,0,0,1,1,1,1786677159
2026-08-14T03:13:33Z,137,1,0,18,0,0,1,1,1,1786677048
2026-08-14T03:13:33Z,138,6,0,31,0,0,1,1,1,1786676828
2026-08-14T03:13:33Z,139,19,3,0,0,0,1,1,1,1786676225
2026-08-14T03:13:33Z,140,21,3,1,1,0,1,1,1,1786677207
2026-08-14T03:13:33Z,141,23,3,13,1,0,1,1,1,1786677210
2026-08-14T03:13:33Z,142,7,1,16,0,0,1,1,1,1786677114
2026-08-14T03:13:33Z,143,0,0,31,0,0,1,1,1,1786677055
2026-08-14T03:13:33Z,144,25,0,2,0,0,1,1,1,1786675037
2026-08-14T03:13:33Z,145,15,3,10,1,0,1,1,1,1786677139
2026-08-14T03:13:33Z,147,7,4,10,2,0,1,1,1,1786676598
2026-08-14T03:13:33Z,148,22,2,2,3,0,1,1,1,1786677075
2026-08-14T03:13:33Z,149,4,1,21,2,0,1,1,1,1786677116
2026-08-14T03:13:33Z,150,18,2,16,1,0,1,1,1,1786677171
2026-08-14T03:13:33Z,151,14,3,9,0,0,1,1,1,1786676907
2026-08-14T03:13:33Z,152,14,2,10,1,1,1,1,1,1786677160
2026-08-14T03:13:33Z,153,23,2,4,1,0,1,1,1,1786677151
2026-08-14T03:13:33Z,154,6,1,16,1,0,1,1,1,1786676761
2026-08-14T03:13:33Z,155,7,1,6,1,0,1,1,1,1786677192
2026-08-14T03:13:33Z,156,16,0,1,0,0,1,1,1,1786676850
2026-08-14T03:13:33Z,157,12,5,15,0,0,1,1,1,1786676533
2026-08-14T03:13:33Z,158,4,1,15,0,0,1,1,1,1786676459
2026-08-14T03:13:33Z,159,7,4,12,0,0,1,1,1,1786677144
2026-08-14T03:13:33Z,160,18,3,0,1,0,1,1,1,1786675473
2026-08-14T03:13:33Z,161,3,0,19,0,0,1,1,1,1786677080
2026-08-14T03:13:33Z,162,4,4,18,3,1,1,1,1,1786676846
2026-08-14T03:13:33Z,163,15,4,15,1,0,1,1,1,1786677135
2026-08-14T03:13:33Z,164,20,1,6,1,0,1,1,1,1786677196
2026-08-14T03:13:33Z,165,18,0,10,2,1,1,1,1,1786677133
2026-08-14T03:13:33Z,166,21,1,15,3,0,1,1,1,1786677199
2026-08-14T03:13:33Z,167,18,14,5,0,0,1,1,1,1786677059
2026-08-14T03:13:33Z,168,0,0,25,2,0,1,1,1,1786677012
2026-08-14T03:13:33Z,169,13,1,10,0,0,1,1,1,1786677145
2026-08-14T03:13:33Z,170,2,1,16,1,0,1,1,1,1786677186
2026-08-14T03:13:33Z,171,7,1,2,4,0,1,1,1,1786677100
2026-08-14T03:13:33Z,173,33,3,6,0,0,1,1,1,1786677208
2026-08-14T03:13:33Z,174,18,2,8,0,0,1,1,1,1786676839
2026-08-14T03:13:33Z,175,16,1,12,3,0,1,1,1,1786677186
2026-08-14T03:13:33Z,176,6,4,7,1,1,1,1,1,1786677207
2026-08-14T03:13:33Z,177,7,0,20,0,0,1,1,1,1786677179
2026-08-14T03:13:33Z,178,10,0,2,2,1,1,1,1,1786677205
2026-08-14T03:13:33Z,179,1,0,13,0,0,1,1,1,1786676347
2026-08-14T03:13:33Z,180,19,1,11,0,0,1,1,1,1786676413
2026-08-14T03:13:33Z,181,4,2,10,1,0,1,1,1,1786677171
2026-08-14T03:13:33Z,182,0,0,17,0,0,1,1,1,1786676487
2026-08-14T03:13:33Z,183,4,1,19,0,0,1,1,1,1786676828
2026-08-14T03:13:33Z,184,9,1,12,1,1,1,1,1,1786677177
2026-08-14T03:13:33Z,185,9,0,1,4,1,1,1,1,1786676377
2026-08-14T03:13:33Z,186,2,0,17,0,0,1,1,1,1786677048
2026-08-14T03:13:33Z,187,5,0,23,0,0,1,1,1,1786677010
2026-08-14T03:13:33Z,188,15,0,5,3,0,1,1,1,1786677131
2026-08-14T03:13:33Z,189,10,2,5,0,0,1,1,1,1786675698
2026-08-14T03:13:33Z,190,4,3,19,0,0,1,1,1,1786676982
2026-08-14T03:13:33Z,191,22,0,15,1,1,1,1,1,1786677190
2026-08-14T03:13:33Z,192,14,4,16,1,0,1,1,1,1786677143
2026-08-14T03:13:33Z,193,9,4,5,1,0,1,1,1,1786677121
2026-08-14T03:13:33Z,194,22,1,4,1,0,1,1,1,1786676999
2026-08-14T03:13:33Z,195,0,0,18,0,0,1,1,1,1786676667
2026-08-14T03:13:33Z,196,5,5,20,2,0,1,1,1,1786677188
2026-08-14T03:13:33Z,197,6,2,13,0,0,1,1,1,1786676401
2026-08-14T03:13:33Z,198,6,2,15,2,0,1,1,1,1786676696
2026-08-14T03:13:33Z,199,4,2,9,2,0,1,1,1,1786677015
2026-08-14T03:13:33Z,200,5,1,19,2,0,1,1,1,1786677144
2026-08-14T03:13:33Z,201,13,2,9,1,0,1,1,1,1786676928
2026-08-14T03:13:33Z,202,0,0,23,0,0,0,1,1,1786645832
2026-08-14T03:13:33Z,203,20,1,11,0,0,1,1,1,1786676939
2026-08-14T03:13:33Z,204,24,2,9,2,0,1,1,1,1786677202
2026-08-14T03:13:33Z,205,8,2,19,0,0,1,1,1,1786675569
2026-08-14T03:13:33Z,206,2,1,12,1,0,1,1,1,1786676824
2026-08-14T03:13:33Z,207,17,1,2,2,0,1,1,1,1786677206
2026-08-14T03:13:33Z,208,0,0,27,2,0,1,1,1,1786676409
2026-08-14T03:13:33Z,209,21,3,6,4,0,1,1,1,1786677166
2026-08-14T03:13:33Z,210,7,7,19,1,0,1,1,1,1786677175
2026-08-14T03:13:33Z,211,10,5,12,1,0,1,1,1,1786677054
2026-08-14T03:13:33Z,212,27,0,8,0,0,1,1,1,1786677118
2026-08-14T03:13:33Z,213,3,1,15,1,3,1,1,1,1786677207
2026-08-14T03:13:33Z,214,34,11,7,6,0,1,1,1,1786677203
2026-08-14T03:13:33Z,215,1,1,22,0,0,1,1,1,1786675880
2026-08-14T03:13:33Z,216,8,0,11,0,0,1,1,1,1786677034
2026-08-14T03:13:33Z,217,3,0,25,1,0,1,1,1,1786677039
2026-08-14T03:13:33Z,218,22,9,12,3,2,1,1,1,1786677187
2026-08-14T03:13:33Z,219,19,0,7,0,0,1,1,1,1786676586
2026-08-14T03:13:33Z,220,26,9,16,1,0,1,1,1,1786676871
2026-08-14T03:13:33Z,221,2,2,13,0,0,1,1,1,1786677066
2026-08-14T03:13:33Z,222,7,5,11,1,0,1,1,1,1786677149
2026-08-14T03:13:33Z,223,9,2,24,2,0,1,1,1,1786676989
2026-08-14T03:13:33Z,224,3,1,19,0,0,1,1,1,1786677136
2026-08-14T03:13:33Z,225,1,0,10,7,1,1,1,1,1786670010
2026-08-14T03:13:33Z,226,24,13,2,5,0,1,1,1,1786676066
2026-08-14T03:13:33Z,227,20,13,4,3,0,1,1,1,1786677155
2026-08-14T03:13:33Z,228,4,4,11,4,0,1,1,1,1786676692
2026-08-14T03:13:33Z,230,13,6,13,0,0,1,1,1,1786676704
2026-08-14T03:13:33Z,232,9,2,6,2,0,1,1,1,1786677207
2026-08-14T03:13:33Z,233,11,2,19,1,0,1,1,1,1786676788
2026-08-14T03:13:33Z,234,4,2,8,5,2,1,1,1,1786676847
2026-08-14T03:13:33Z,236,11,4,5,3,0,1,1,1,1786675657
2026-08-14T03:13:33Z,237,21,4,1,1,0,1,1,1,1786677164
2026-08-14T03:13:33Z,239,3,0,22,2,0,1,1,1,1786676961
2026-08-14T03:13:33Z,241,7,1,15,1,0,1,1,1,1786676415
2026-08-14T03:13:33Z,242,4,0,16,3,0,1,1,1,1786676767
2026-08-14T03:13:33Z,243,4,3,27,0,0,1,1,1,1786677033
2026-08-14T03:13:33Z,244,10,6,15,2,0,1,1,1,1786677110
2026-08-14T03:13:33Z,245,5,2,17,1,0,1,1,1,1786677090
2026-08-14T03:13:33Z,246,5,0,18,0,0,1,1,1,1786676570
2026-08-14T03:13:33Z,247,7,3,13,3,0,1,1,1,1786676873
2026-08-14T03:13:33Z,248,3,2,18,2,0,1,1,1,1786676405
2026-08-14T03:13:33Z,249,0,0,19,0,0,1,1,1,1786676793
2026-08-14T03:13:33Z,250,5,3,20,2,0,1,1,1,1786676779
2026-08-14T03:13:33Z,251,4,1,21,2,0,1,1,1,1786677016
2026-08-14T03:13:33Z,253,5,3,12,2,0,1,1,1,1786676768
2026-08-14T03:13:33Z,254,13,2,28,2,0,1,1,1,1786676982
2026-08-14T03:13:33Z,255,1,0,21,0,1,1,1,1,1786677029
2026-08-14T03:13:33Z,256,20,6,1,2,0,1,1,1,1786677026
2026-08-14T03:13:33Z,257,9,4,8,1,1,1,1,1,1786676579
2026-08-14T03:13:33Z,258,4,4,13,2,0,1,1,1,1786677096
2026-08-14T03:13:33Z,259,9,3,11,2,1,1,1,1,1786677207
2026-08-14T03:13:33Z,260,14,8,2,3,0,1,1,1,1786677007
2026-08-14T03:13:33Z,261,10,0,7,1,1,1,1,1,1786677205
2026-08-14T03:13:33Z,262,8,8,12,3,0,1,1,1,1786677049
2026-08-14T03:13:33Z,263,5,5,10,0,0,1,1,1,1786676869
2026-08-14T03:13:33Z,264,15,8,1,3,0,1,1,1,1786677112
2026-08-14T03:13:33Z,265,9,1,2,1,3,1,1,1,1786677053
2026-08-14T03:13:33Z,266,12,8,3,5,0,1,1,1,1786677189
2026-08-14T03:13:33Z,267,3,2,10,2,0,1,1,1,1786667170
2026-08-14T03:13:33Z,268,3,0,19,1,0,1,1,1,1786675646
2026-08-14T03:13:33Z,269,7,2,16,0,0,1,1,1,1786676715
2026-08-14T03:13:33Z,270,19,5,8,0,0,1,1,1,1786677144
2026-08-14T03:13:33Z,271,0,0,16,3,0,1,1,1,1786675480
2026-08-14T03:13:33Z,272,12,7,10,1,0,1,1,1,1786676886
2026-08-14T03:13:33Z,273,13,5,1,1,0,1,1,1,1786675006
2026-08-14T03:13:33Z,274,6,4,13,0,0,1,1,1,1786676843
2026-08-14T03:13:33Z,275,7,0,9,5,1,1,1,1,1786676981
2026-08-14T03:13:33Z,276,7,3,20,0,0,1,1,1,1786677211
2026-08-14T03:13:33Z,277,0,0,18,4,1,1,1,1,1786674383
2026-08-14T03:13:33Z,278,7,6,23,1,0,1,1,1,1786677079
2026-08-14T03:13:33Z,279,2,0,17,0,0,1,1,1,1786676971
2026-08-14T03:13:33Z,280,26,1,2,3,0,1,1,1,1786676976
2026-08-14T03:13:33Z,281,17,9,1,1,0,1,1,1,1786676066
2026-08-14T03:13:33Z,282,4,0,8,5,1,1,1,1,1786676937
2026-08-14T03:13:33Z,283,13,4,22,0,0,1,1,1,1786676946
2026-08-14T03:13:33Z,284,30,8,5,0,0,1,1,1,1786676494
2026-08-14T03:13:33Z,285,6,2,17,0,0,1,1,1,1786676707
2026-08-14T03:13:33Z,286,6,1,14,3,0,1,1,1,1786677175
2026-08-14T03:13:33Z,287,14,6,5,4,0,1,1,1,1786676994
2026-08-14T03:13:33Z,288,6,1,9,4,0,1,1,1,1786677066
2026-08-14T03:13:33Z,289,16,12,10,1,0,1,1,1,1786677159
2026-08-14T03:13:33Z,290,2,0,31,6,0,1,1,1,1786677199
2026-08-14T03:13:33Z,291,11,0,12,0,0,1,1,1,1786677032
2026-08-14T03:13:33Z,292,12,3,11,0,0,1,1,1,1786677209
2026-08-14T03:13:33Z,293,3,0,18,2,0,1,1,1,1786674698
2026-08-14T03:13:33Z,294,1,1,20,1,0,1,1,1,1786677109
2026-08-14T03:13:33Z,297,9,0,7,2,1,1,1,1,1786676769
2026-08-14T03:13:33Z,301,17,0,2,0,0,1,1,1,1786676894
2026-08-14T03:13:33Z,302,23,0,0,0,0,1,1,1,1786674363
2026-08-14T03:13:33Z,303,8,1,11,0,0,1,1,1,1786672127
2026-08-14T03:13:33Z,304,0,0,0,0,0,0,1,1,86400
2026-08-14T03:13:33Z,305,14,4,4,1,0,1,1,1,1786677210
2026-08-14T03:13:33Z,306,10,0,21,1,0,1,1,1,1786677026
2026-08-14T03:13:33Z,307,19,1,4,0,0,1,1,1,1786676550
2026-08-14T03:13:33Z,308,18,3,1,0,0,1,1,1,1786676640
2026-08-14T03:13:33Z,309,11,4,3,0,0,1,1,1,1786675446
2026-08-14T03:13:33Z,311,11,0,4,0,0,1,1,1,1786674428
2026-08-14T03:13:33Z,312,5,5,15,2,0,1,1,1,1786676502
2026-08-14T03:13:33Z,313,12,0,3,0,0,1,1,1,1786674610
2026-08-14T03:13:33Z,314,13,1,4,2,0,1,1,1,1786676722
2026-08-14T03:13:33Z,315,12,2,14,4,1,1,1,1,1786676933
2026-08-14T03:13:33Z,316,25,0,4,1,0,1,1,1,1786675956
2026-08-14T03:13:33Z,317,0,0,30,1,0,1,1,1,1786676688
2026-08-14T03:13:33Z,318,14,6,4,0,0,1,1,1,1786669830
2026-08-14T03:13:33Z,319,9,1,13,1,0,1,1,1,1786677112
2026-08-14T03:13:33Z,320,14,1,5,0,0,1,1,1,1786676188
2026-08-14T03:13:33Z,321,7,0,6,6,0,1,1,1,1786676900
2026-08-14T03:13:33Z,322,7,1,21,0,1,1,1,1,1786677134
2026-08-14T03:13:33Z,323,10,1,5,4,0,1,1,1,1786676672
2026-08-14T03:13:33Z,324,2,0,24,1,0,1,1,1,1786677200
2026-08-14T03:13:33Z,325,4,1,21,2,0,1,1,1,1786675887
2026-08-14T03:13:33Z,327,17,1,8,2,0,1,1,1,1786676554
2026-08-14T03:13:33Z,328,8,1,14,0,0,1,1,1,1786676850
2026-08-14T03:13:33Z,329,19,4,0,0,0,1,1,1,1786675757
2026-08-14T03:13:33Z,330,12,2,8,2,0,1,1,1,1786677209
2026-08-14T03:13:33Z,331,21,1,2,0,0,1,1,1,1786676909
2026-08-14T03:13:33Z,332,7,1,10,2,0,1,1,1,1786675895
2026-08-14T03:13:33Z,333,7,3,11,5,0,1,1,1,1786677210
2026-08-14T03:13:33Z,334,7,5,16,0,0,1,1,1,1786676103
2026-08-14T03:13:33Z,335,2,1,20,0,1,1,1,1,1786676739
2026-08-14T03:13:33Z,336,5,1,12,2,0,1,1,1,1786676971
2026-08-14T03:13:33Z,337,16,0,3,4,0,1,1,1,1786677163
2026-08-14T03:13:33Z,338,15,2,3,1,0,1,1,1,1786677187
2026-08-14T03:13:33Z,339,9,5,13,1,0,1,1,1,1786677019
2026-08-14T03:13:33Z,340,9,1,5,1,0,1,1,1,1786677047
2026-08-14T03:13:33Z,341,10,5,9,0,0,1,1,1,1786676958
2026-08-14T03:13:33Z,342,4,2,10,1,0,1,1,1,1786675229
2026-08-14T03:13:33Z,343,9,5,8,6,0,1,1,1,1786677195
2026-08-14T03:13:33Z,344,4,2,18,1,0,1,1,1,1786673979
2026-08-14T03:13:33Z,345,6,0,13,0,0,1,1,1,1786677107
2026-08-14T03:13:33Z,346,5,1,21,0,0,1,1,1,1786674959
2026-08-14T03:13:33Z,347,38,6,3,2,0,1,1,1,1786677206
2026-08-14T03:13:33Z,348,1,1,21,0,1,1,1,1,1786677060
2026-08-14T03:13:33Z,349,1,0,17,1,0,1,1,1,1786676088
2026-08-14T03:13:33Z,350,26,0,0,1,0,1,1,1,1786675199
2026-08-14T03:13:33Z,351,18,0,0,4,1,1,1,1,1786676960
2026-08-14T03:13:33Z,355,18,5,5,0,0,1,1,1,1786677021
2026-08-14T03:13:33Z,356,16,0,1,2,0,1,1,1,1786676769
2026-08-14T03:13:33Z,357,2,0,17,0,0,1,1,1,1786676540
2026-08-14T03:13:33Z,358,15,3,12,0,0,1,1,1,1786677056
2026-08-14T03:13:33Z,359,21,2,5,1,0,1,1,1,1786676998
2026-08-14T03:13:33Z,360,15,5,2,2,0,1,1,1,1786677186
2026-08-14T03:13:33Z,362,0,0,16,3,0,1,1,1,1786676192
2026-08-14T03:13:33Z,363,11,0,16,0,0,1,1,1,1786676482
2026-08-14T03:13:33Z,364,5,2,13,1,0,1,1,1,1786676455
2026-08-14T03:13:33Z,365,10,0,10,3,0,1,1,1,1786676185
2026-08-14T03:13:33Z,366,9,8,12,2,0,1,1,1,1786677060
2026-08-14T03:13:33Z,367,12,2,4,3,0,1,1,1,1786676941
2026-08-14T03:13:33Z,368,2,1,20,1,0,1,1,1,1786677007
2026-08-14T03:13:33Z,370,21,14,9,5,0,1,1,1,1786676916
2026-08-14T03:13:33Z,371,1,0,17,1,0,1,1,1,1786676507
2026-08-14T03:13:33Z,372,3,1,11,1,0,1,1,1,1786676743
2026-08-14T03:13:33Z,373,12,6,11,4,0,1,1,1,1786677054
2026-08-14T03:13:33Z,374,12,5,6,1,0,1,1,1,1786676969
2026-08-14T03:13:33Z,375,12,4,13,2,0,1,1,1,1786676983
2026-08-14T03:13:33Z,376,13,3,20,6,0,1,1,1,1786677163
2026-08-14T03:13:33Z,377,9,2,16,2,0,1,1,1,1786677165
2026-08-14T03:13:33Z,378,19,4,1,4,0,1,1,1,1786677095
2026-08-14T03:13:33Z,379,4,1,21,2,0,1,1,1,1786677185
2026-08-14T03:13:33Z,380,6,1,15,2,0,1,1,1,1786677123
2026-08-14T03:13:33Z,381,10,1,8,1,4,1,1,1,1786677204
2026-08-14T03:13:33Z,383,13,1,2,0,0,1,1,1,1786676018
2026-08-14T03:13:33Z,384,12,0,14,1,0,1,1,1,1786676061
2026-08-14T03:13:33Z,385,9,5,8,1,0,1,1,1,1786676887
2026-08-14T03:13:33Z,387,2,2,21,0,0,1,1,1,1786676588
2026-08-14T03:13:33Z,388,36,1,5,7,1,1,1,1,1786677061
2026-08-14T03:13:33Z,389,5,5,9,0,1,1,1,1,1786676910
2026-08-14T03:13:33Z,390,28,8,6,1,0,1,1,1,1786677081
2026-08-14T03:13:33Z,391,3,3,11,1,0,1,1,1,1786676716
2026-08-14T03:13:33Z,392,4,4,12,3,0,1,1,1,1786677032
2026-08-14T03:13:33Z,393,1,0,9,1,0,1,1,1,1786676667
2026-08-14T03:13:33Z,394,10,1,0,3,0,1,1,1,1786676562
2026-08-14T03:13:33Z,396,0,0,38,3,1,1,1,1,1786676241
2026-08-14T03:13:33Z,397,1,0,30,0,0,1,1,1,1786674333
2026-08-14T03:13:33Z,399,10,1,6,2,0,1,1,1,1786675988
2026-08-14T03:13:33Z,400,16,16,1,6,0,1,1,1,1786676349
2026-08-14T03:13:33Z,401,4,0,35,0,0,1,1,1,1786676669
2026-08-14T03:13:33Z,403,2,2,27,2,0,1,1,1,1786676954
2026-08-14T03:13:33Z,404,13,0,10,0,0,1,1,1,1786677136
2026-08-14T03:13:33Z,406,30,0,4,1,0,1,1,1,1786675272
2026-08-14T03:13:33Z,407,20,1,10,4,0,1,1,1,1786676901
2026-08-14T03:13:33Z,408,5,2,27,1,0,1,1,1,1786676744
2026-08-14T03:13:33Z,409,1,0,19,3,0,1,1,1,1786674244
2026-08-14T03:13:33Z,413,1,0,20,2,0,1,1,1,1786676207
2026-08-14T03:13:33Z,414,10,0,3,1,1,1,1,1,1786677062
2026-08-14T03:13:33Z,417,15,9,4,0,0,1,1,1,1786676972
2026-08-14T03:13:33Z,418,4,1,10,1,0,1,1,1,1786675451
2026-08-14T03:13:33Z,419,11,1,11,1,0,1,1,1,1786676362
2026-08-14T03:13:33Z,421,17,0,0,2,0,1,1,1,1786677023
2026-08-14T03:13:33Z,422,2,2,25,0,0,1,1,1,1786673073
2026-08-14T03:13:33Z,423,18,0,3,2,0,1,1,1,1786677075
2026-08-14T03:13:33Z,424,1,0,11,3,0,1,1,1,1786675921
2026-08-14T03:13:33Z,425,2,1,20,0,0,1,1,1,1786676849
2026-08-14T03:13:33Z,426,0,0,35,2,0,1,1,1,1786676312
2026-08-14T03:13:33Z,427,12,3,1,2,0,1,1,1,1786676290
2026-08-14T03:13:33Z,428,18,1,1,0,0,1,1,1,1786675492
2026-08-14T03:13:33Z,429,4,2,15,4,0,1,1,1,1786676939
2026-08-14T03:13:33Z,430,18,3,13,0,0,1,1,1,1786677134
2026-08-14T03:13:33Z,431,13,0,20,0,0,1,1,1,1786676894
2026-08-14T03:13:33Z,432,27,2,1,3,0,1,1,1,1786677090
2026-08-14T03:13:33Z,433,18,4,2,3,0,1,1,1,1786675223
2026-08-14T03:13:33Z,437,1,1,15,2,1,1,1,1,1786676753
2026-08-14T03:13:33Z,438,3,0,14,2,0,1,1,1,1786676912
2026-08-14T03:13:33Z,439,5,0,8,2,0,1,1,1,1786674647
2026-08-14T03:13:33Z,440,2,2,10,3,0,1,1,1,1786675969
2026-08-14T03:13:33Z,441,1,0,12,1,1,1,1,1,1786677200
2026-08-14T03:13:33Z,442,5,2,12,2,0,1,1,1,1786676900
2026-08-14T03:13:33Z,443,7,0,17,2,1,1,1,1,1786668087
2026-08-14T03:13:33Z,444,3,0,20,0,0,1,1,1,1786671801
2026-08-14T03:13:33Z,445,7,2,14,1,1,1,1,1,1786676984
2026-08-14T03:13:33Z,446,20,0,3,0,0,1,1,1,1786675117
2026-08-14T03:13:33Z,447,4,1,14,4,1,1,1,1,1786664947
2026-08-14T03:13:33Z,448,12,0,2,1,0,1,1,1,1786673447
2026-08-14T03:13:33Z,452,12,5,7,0,0,1,1,1,1786676450
2026-08-14T03:13:33Z,453,5,2,9,1,0,1,1,1,1786676579
2026-08-14T03:13:33Z,454,3,2,16,0,0,1,1,1,1786677128
2026-08-14T03:13:33Z,455,0,0,39,0,0,1,1,1,1786675140
2026-08-14T03:13:33Z,456,9,1,10,0,0,1,1,1,1786677138
2026-08-14T03:13:33Z,457,3,2,21,3,0,1,1,1,1786676589
2026-08-14T03:13:33Z,458,1,0,20,2,0,1,1,1,1786676927
2026-08-14T03:13:33Z,459,12,1,2,0,1,1,1,1,1786675835
2026-08-14T03:13:33Z,460,17,4,6,0,0,1,1,1,1786675952
2026-08-14T03:13:33Z,461,2,0,17,0,0,1,1,1,1786676424
2026-08-14T03:13:33Z,462,2,0,19,0,0,1,1,1,1786676421
2026-08-14T03:13:33Z,463,14,2,4,1,0,1,1,1,1786676387
2026-08-14T03:13:33Z,464,11,2,2,1,0,1,1,1,1786676052
2026-08-14T03:13:33Z,465,3,2,12,0,0,1,1,1,1786676863
2026-08-14T03:13:33Z,466,9,1,3,3,0,1,1,1,1786673235
2026-08-14T03:13:33Z,467,5,1,13,1,0,1,1,1,1786673751
2026-08-14T03:13:33Z,468,15,3,3,1,0,1,1,1,1786676978
2026-08-14T03:13:33Z,469,20,0,3,0,0,1,1,1,1786676899
2026-08-14T03:13:33Z,470,12,0,2,1,0,1,1,1,1786676967
2026-08-14T03:13:33Z,471,9,1,10,0,0,1,1,1,1786672964
2026-08-14T03:13:33Z,472,13,6,2,4,0,1,1,1,1786677089
2026-08-14T03:13:33Z,473,8,1,10,0,0,1,1,1,1786676766
2026-08-14T03:13:33Z,474,17,3,0,2,0,1,1,1,1786677179
2026-08-14T03:13:33Z,475,14,2,1,3,1,1,1,1,1786677123
2026-08-14T03:13:33Z,477,3,2,10,2,0,1,1,1,1786676543
2026-08-14T03:13:33Z,478,0,0,31,0,0,1,1,1,1786676620
2026-08-14T03:13:33Z,479,16,0,3,0,0,1,1,1,1786676926
2026-08-14T03:13:33Z,480,8,0,6,1,0,1,1,1,1786676703
2026-08-14T03:13:33Z,481,9,0,22,1,1,1,1,1,1786677088
2026-08-14T03:13:33Z,482,3,1,16,0,0,1,1,1,1786676498
2026-08-14T03:13:33Z,483,16,1,10,1,0,1,1,1,1786677179
2026-08-14T03:13:33Z,484,8,4,7,3,1,1,1,1,1786676973
2026-08-14T03:13:33Z,485,13,1,5,0,1,1,1,1,1786677106
2026-08-14T03:13:33Z,486,18,1,6,3,0,1,1,1,1786677203
2026-08-14T03:13:33Z,487,7,5,11,1,0,1,1,1,1786676433
2026-08-14T03:13:33Z,489,8,7,6,1,0,1,1,1,1786676576
2026-08-14T03:13:33Z,490,2,1,10,4,0,1,1,1,1786677184
2026-08-14T03:13:33Z,491,14,1,4,3,0,1,1,1,1786676271
2026-08-14T03:13:33Z,492,6,2,2,3,0,1,1,1,1786677211
2026-08-14T03:13:33Z,493,0,0,27,0,0,1,1,1,1786664568
2026-08-14T03:13:33Z,496,27,2,0,0,0,1,1,1,1786676684
2026-08-14T03:13:33Z,497,3,3,16,0,0,1,1,1,1786677029
2026-08-14T03:13:33Z,498,19,8,0,4,0,1,1,1,1786677068
2026-08-14T03:13:33Z,499,4,0,15,0,0,1,1,1,1786675297
2026-08-14T03:13:33Z,500,6,1,9,0,0,1,1,1,1786676408
2026-08-14T03:13:33Z,501,7,4,12,2,0,1,1,1,1786674496
2026-08-14T03:13:33Z,502,2,2,17,0,0,1,1,1,1786677134
2026-08-14T03:13:33Z,503,14,1,16,1,0,1,1,1,1786677206
2026-08-14T03:13:33Z,504,0,0,39,0,0,1,1,1,1786677114
2026-08-14T03:13:33Z,505,8,4,3,1,0,1,1,1,1786677150
2026-08-14T03:13:33Z,511,2,0,20,1,0,1,1,1,1786676100
2026-08-14T03:13:33Z,512,2,0,25,0,0,1,1,1,1786677037
2026-08-14T03:13:33Z,514,6,1,3,2,0,1,1,1,1786677119
2026-08-14T03:13:33Z,515,15,2,1,3,0,1,1,1,1786674857
2026-08-14T03:13:33Z,516,0,0,27,0,0,1,1,1,1786674054
2026-08-14T03:13:33Z,517,3,2,19,1,0,1,1,1,1786674146
2026-08-14T03:13:33Z,518,11,0,3,1,0,1,1,1,1786674381
2026-08-14T03:13:33Z,519,17,5,1,1,0,1,1,1,1786675332
2026-08-14T03:13:33Z,520,10,1,5,10,2,1,1,1,1786677209
2026-08-14T03:13:33Z,521,5,1,17,1,0,1,1,1,1786676238
2026-08-14T03:13:33Z,522,22,1,0,0,0,1,1,1,1786676908
2026-08-14T03:13:33Z,523,3,3,19,1,0,1,1,1,1786676666
2026-08-14T03:13:33Z,524,19,2,3,1,0,1,1,1,1786677189
2026-08-14T03:13:33Z,525,19,1,0,0,0,1,1,1,1786674173
2026-08-14T03:13:33Z,526,8,4,5,2,0,1,1,1,1786676188
2026-08-14T03:13:33Z,527,0,0,24,2,0,1,1,1,1786675860
2026-08-14T03:13:33Z,528,19,2,3,1,0,1,1,1,1786674710
2026-08-14T03:13:33Z,530,7,0,12,2,0,1,1,1,1786676782
2026-08-14T03:13:33Z,531,3,0,16,3,1,1,1,1,1786677100
2026-08-14T03:13:33Z,532,11,11,18,2,0,1,1,1,1786676500
2026-08-14T03:13:33Z,533,3,0,15,1,0,1,1,1,1786676176
2026-08-14T03:13:33Z,534,3,1,18,2,0,1,1,1,1786676831
2026-08-14T03:13:33Z,535,0,0,15,0,0,1,1,1,1786676340
2026-08-14T03:13:33Z,536,13,0,10,0,0,1,1,1,1786677100
2026-08-14T03:13:33Z,537,12,0,9,0,0,1,1,1,1786676647
2026-08-14T03:13:33Z,538,21,10,1,1,0,1,1,1,1786676310
2026-08-14T03:13:33Z,539,14,3,16,1,0,1,1,1,1786676979
2026-08-14T03:13:33Z,540,4,2,14,1,0,1,1,1,1786677102
2026-08-14T03:13:33Z,541,15,9,0,0,0,1,1,1,1786676984
2026-08-14T03:13:33Z,542,0,0,23,0,0,1,1,1,1786677084
2026-08-14T03:13:33Z,543,3,2,14,2,0,1,1,1,1786675502
2026-08-14T03:13:33Z,544,10,1,6,6,0,1,1,1,1786675736
2026-08-14T03:13:33Z,545,15,1,2,2,0,1,1,1,1786676825
2026-08-14T03:13:33Z,546,8,3,11,0,0,1,1,1,1786677077
2026-08-14T03:13:33Z,547,12,3,12,1,0,1,1,1,1786676824
2026-08-14T03:13:33Z,548,19,4,4,0,0,1,1,1,1786677026
2026-08-14T03:13:33Z,549,13,0,9,0,0,1,1,1,1786676898
2026-08-14T03:13:33Z,550,6,4,12,1,0,1,1,1,1786677187
2026-08-14T03:13:33Z,551,9,1,13,1,0,1,1,1,1786675053
2026-08-14T03:13:33Z,552,23,2,4,0,0,1,1,1,1786676463
2026-08-14T03:13:33Z,553,13,0,6,4,0,1,1,1,1786677155
2026-08-14T03:13:33Z,554,2,1,17,0,0,1,1,1,1786677198
2026-08-14T03:13:33Z,555,9,3,5,1,0,1,1,1,1786676088
2026-08-14T03:13:33Z,556,11,1,11,1,0,1,1,1,1786676907
2026-08-14T03:13:33Z,557,0,0,22,1,0,1,1,1,1786676869
2026-08-14T03:13:33Z,558,29,3,8,0,0,1,1,1,1786677117
2026-08-14T03:13:33Z,559,0,0,18,1,0,1,1,1,1786677209
2026-08-14T03:13:33Z,560,7,0,19,1,0,1,1,1,1786677059
2026-08-14T03:13:33Z,561,6,1,16,1,0,1,1,1,1786676615
2026-08-14T03:13:33Z,562,7,0,26,2,0,1,1,1,1786674308
2026-08-14T03:13:33Z,563,4,0,0,7,3,1,1,1,1786677171
2026-08-14T03:13:33Z,564,17,0,2,0,0,1,1,1,1786676018
2026-08-14T03:13:33Z,565,17,3,1,1,0,1,1,1,1786676799
2026-08-14T03:13:33Z,566,13,0,5,1,0,1,1,1,1786676992
2026-08-14T03:13:33Z,567,24,0,2,1,0,1,1,1,1786675734
2026-08-14T03:13:33Z,568,3,2,15,1,0,1,1,1,1786677183
2026-08-14T03:13:33Z,569,16,3,3,0,0,1,1,1,1786675299
2026-08-14T03:13:33Z,570,17,0,2,0,0,1,1,1,1786676776
2026-08-14T03:13:33Z,571,2,0,21,0,0,1,1,1,1786676393
2026-08-14T03:13:33Z,572,15,1,3,1,0,1,1,1,1786675210
2026-08-14T03:13:33Z,573,11,1,3,1,0,1,1,1,1786676574
2026-08-14T03:13:33Z,574,6,2,9,0,0,1,1,1,1786676425
2026-08-14T03:13:33Z,575,13,1,8,0,0,1,1,1,1786676846
2026-08-14T03:13:33Z,576,1,0,17,1,0,1,1,1,1786676799
2026-08-14T03:13:33Z,577,11,2,20,0,0,1,1,1,1786676696
2026-08-14T03:13:33Z,578,13,5,9,1,0,1,1,1,1786677151
2026-08-14T03:13:33Z,579,36,0,7,0,0,1,1,1,1786677194
2026-08-14T03:13:33Z,580,1,1,27,1,0,1,1,1,1786677121
2026-08-14T03:13:33Z,581,19,1,0,0,0,1,1,1,1786676477
2026-08-14T03:13:33Z,582,36,2,23,2,0,1,1,1,1786677197
2026-08-14T03:13:33Z,583,20,0,2,1,0,1,1,1,1786676938
2026-08-14T03:13:33Z,584,0,0,18,1,0,1,1,1,1786675646
2026-08-14T03:13:33Z,585,18,2,8,1,0,1,1,1,1786676795
2026-08-14T03:13:33Z,586,9,0,25,1,0,1,1,1,1786677156
2026-08-14T03:13:33Z,587,23,0,0,1,0,1,1,1,1786676203
2026-08-14T03:13:33Z,588,9,3,9,1,0,1,1,1,1786673384
2026-08-14T03:13:33Z,589,3,3,18,1,0,1,1,1,1786676386
2026-08-14T03:13:33Z,590,0,0,29,2,0,1,1,1,1786677128
2026-08-14T03:13:33Z,591,23,2,7,1,0,1,1,1,1786677177
2026-08-14T03:13:33Z,592,4,0,18,1,0,1,1,1,1786677149
2026-08-14T03:13:33Z,593,0,0,37,1,0,1,1,1,1786672621
2026-08-14T03:13:33Z,594,22,0,1,0,0,1,1,1,1786676566
2026-08-14T03:13:33Z,595,0,0,3,0,0,0,1,1,1784046673
2026-08-14T03:13:33Z,605,0,0,2,1,0,0,1,1,1783975843
2026-08-14T03:13:33Z,606,0,0,0,0,0,0,1,1,86400
2026-08-14T03:13:33Z,607,26,0,4,3,0,1,1,1,1786677040
2026-08-14T03:13:33Z,608,1,0,48,1,0,1,1,1,1786677045
2026-08-14T03:13:33Z,609,8,3,14,1,0,1,1,1,1786677195
2026-08-14T03:13:33Z,610,0,0,35,0,0,1,1,1,1786671377
2026-08-14T03:13:33Z,611,0,0,25,2,0,1,1,1,1786677136
2026-08-14T03:13:33Z,612,0,0,14,1,0,1,1,1,1786672003
2026-08-14T03:13:33Z,613,10,0,3,2,0,1,1,1,1786668229
2026-08-14T03:13:33Z,614,5,3,17,4,1,1,1,1,1786676622
2026-08-14T03:13:33Z,617,12,4,1,2,0,1,1,1,1786676531
2026-08-14T03:13:33Z,618,16,10,2,1,0,1,1,1,1786674875
2026-08-14T03:13:33Z,619,1,1,18,0,0,1,1,1,1786677005
2026-08-14T03:13:33Z,620,0,0,27,0,0,1,1,1,1786667545
2026-08-14T03:13:33Z,621,5,3,17,1,0,1,1,1,1786676428
2026-08-14T03:13:33Z,622,3,2,19,1,0,1,1,1,1786676272
2026-08-14T03:13:33Z,623,10,5,19,1,0,1,1,1,1786676777
2026-08-14T03:13:33Z,624,1,1,14,0,0,1,1,1,1786676017
2026-08-14T03:13:33Z,625,8,4,13,0,0,1,1,1,1786675711
2026-08-14T03:13:33Z,626,0,0,45,0,2,1,1,1,1786676666
2026-08-14T03:13:33Z,627,1,1,17,1,0,1,1,1,1786676943
2026-08-14T03:13:33Z,628,0,0,18,0,1,1,1,1,1786670131
2026-08-14T03:13:33Z,629,9,4,0,2,0,1,1,1,1786677207
2026-08-14T03:13:33Z,630,8,0,15,4,0,1,1,1,1786677074
2026-08-14T03:13:33Z,631,7,0,16,0,0,1,1,1,1786676904
2026-08-14T03:13:33Z,632,15,5,3,5,0,1,1,1,1786672748
2026-08-14T03:13:33Z,633,11,0,2,2,0,1,1,1,1786674982
2026-08-14T03:13:33Z,634,15,2,2,2,0,1,1,1,1786667965
2026-08-14T03:13:33Z,635,14,4,5,0,0,1,1,1,1786670006
2026-08-14T03:13:33Z,636,4,0,11,0,0,1,1,1,1786677198
2026-08-14T03:13:33Z,637,5,2,14,0,0,1,1,1,1786666746
2026-08-14T03:13:33Z,638,7,0,9,3,0,1,1,1,1786675150
2026-08-14T03:13:33Z,639,5,0,8,6,0,1,1,1,1786677202
2026-08-14T03:13:33Z,640,2,1,19,1,1,1,1,1,1786677108
2026-08-14T03:13:33Z,641,5,0,21,1,0,1,1,1,1786676914
2026-08-14T03:13:33Z,642,7,0,10,1,1,1,1,1,1786676996
2026-08-14T03:13:33Z,643,0,0,24,3,0,1,1,1,1786675821
2026-08-14T03:13:33Z,644,11,4,2,2,0,1,1,1,1786676555
2026-08-14T03:13:33Z,645,6,0,13,3,1,1,1,1,1786677209
2026-08-14T03:13:33Z,646,6,0,13,0,0,1,1,1,1786676046
2026-08-14T03:13:33Z,647,30,5,0,1,0,1,1,1,1786677158
2026-08-14T03:13:33Z,648,16,1,3,0,0,1,1,1,1786676283
2026-08-14T03:13:33Z,649,0,0,31,0,0,1,1,1,1786668345
2026-08-14T03:13:33Z,650,14,6,0,0,0,1,1,1,1786675906
2026-08-14T03:13:33Z,651,14,7,9,0,0,1,1,1,1786676957
2026-08-14T03:13:33Z,652,3,1,15,5,0,1,1,1,1786677109
2026-08-14T03:13:33Z,653,5,1,14,0,0,1,1,1,1786675803
2026-08-14T03:13:33Z,654,1,0,14,0,0,1,1,1,1786676032
2026-08-14T03:13:33Z,656,17,4,2,0,0,1,1,1,1786676846
2026-08-14T03:13:33Z,657,2,0,10,3,2,1,1,1,1786676912
2026-08-14T03:13:33Z,659,5,4,9,1,0,1,1,1,1786675269
2026-08-14T03:13:33Z,660,1,1,24,6,0,1,1,1,1786677206
2026-08-14T03:13:33Z,661,14,4,3,2,0,1,1,1,1786677119
2026-08-14T03:13:33Z,662,2,0,12,9,0,1,1,1,1786676679
2026-08-14T03:13:33Z,663,12,1,3,0,0,1,1,1,1786676416
2026-08-14T03:13:33Z,664,0,0,27,0,0,1,1,1,1786675179
2026-08-14T03:13:33Z,665,7,3,8,0,0,1,1,1,1786676309
2026-08-14T03:13:33Z,666,1,1,9,5,0,1,1,1,1786671998
2026-08-14T03:13:33Z,667,2,0,20,1,0,1,1,1,1786676514
2026-08-14T03:13:33Z,668,7,1,12,0,0,1,1,1,1786676775
2026-08-14T03:13:33Z,669,12,0,1,1,0,1,1,1,1786675140
2026-08-14T03:13:33Z,670,18,4,4,5,0,1,1,1,1786673726
2026-08-14T03:13:33Z,671,16,3,10,1,0,1,1,1,1786676011
2026-08-14T03:13:33Z,672,18,3,1,3,1,1,1,1,1786676759
2026-08-14T03:13:33Z,673,22,0,0,0,1,1,1,1,1786677076
2026-08-14T03:13:33Z,674,2,1,19,2,0,1,1,1,1786677157
2026-08-14T03:13:33Z,675,9,2,6,0,0,1,1,1,1786675984
2026-08-14T03:13:33Z,676,11,0,6,1,0,1,1,1,1786676329
2026-08-14T03:13:33Z,681,2,1,12,0,1,1,1,1,1786676847
2026-08-14T03:13:33Z,682,7,1,11,1,0,1,1,1,1786646233
2026-08-14T03:13:33Z,683,8,0,9,2,0,1,1,1,1786667457
2026-08-14T03:13:33Z,684,10,1,15,2,0,1,1,1,1786658079
2026-08-14T03:13:33Z,685,3,0,22,1,1,1,1,1,1786674300
2026-08-14T03:13:33Z,686,16,6,8,2,1,1,1,1,1786677089
2026-08-14T03:13:33Z,687,15,5,14,1,1,1,1,1,1786676912
2026-08-14T03:13:33Z,688,13,6,5,1,0,1,1,1,1786671335
2026-08-14T03:13:33Z,692,0,0,21,0,0,1,1,1,1786676752
2026-08-14T03:13:33Z,693,6,0,4,1,0,1,1,1,1786676810
2026-08-14T03:13:33Z,694,7,5,12,2,0,1,1,1,1786676650
2026-08-14T03:13:33Z,695,14,2,9,0,0,1,1,1,1786676842
2026-08-14T03:13:33Z,696,6,2,16,1,0,1,1,1,1786676904
2026-08-14T03:13:33Z,697,9,0,10,3,0,1,1,1,1786677047
2026-08-14T03:13:33Z,698,12,4,15,0,0,1,1,1,1786676974
2026-08-14T03:13:33Z,699,14,1,1,0,0,1,1,1,1786676841
2026-08-14T03:13:33Z,700,14,2,3,2,0,1,1,1,1786676941
2026-08-14T03:13:33Z,701,18,1,0,1,0,1,1,1,1786676937
2026-08-14T03:13:33Z,702,0,0,22,1,0,1,1,1,1786675548
2026-08-14T03:13:33Z,704,11,2,2,2,0,1,1,1,1786676697
2026-08-14T03:13:33Z,705,2,0,13,0,0,1,1,1,1786677207
2026-08-14T03:13:33Z,706,4,2,8,3,0,1,1,1,1786676217
2026-08-14T03:13:33Z,707,11,1,4,0,0,1,1,1,1786676962
2026-08-14T03:13:33Z,708,13,2,5,1,0,1,1,1,1786677012
2026-08-14T03:13:33Z,709,5,2,9,1,0,1,1,1,1786676878
2026-08-14T03:13:33Z,710,18,1,0,1,0,1,1,1,1786676846
2026-08-14T03:13:33Z,711,19,8,4,0,0,1,1,1,1786677196
2026-08-14T03:13:33Z,712,12,2,3,0,0,1,1,1,1786676551
2026-08-14T03:13:33Z,713,15,5,8,0,0,1,1,1,1786677166
2026-08-14T03:13:33Z,716,4,1,7,4,0,1,1,1,1786675630
2026-08-14T03:13:33Z,717,0,0,23,2,0,1,1,1,1786676101
2026-08-14T03:13:33Z,718,1,0,12,2,0,1,1,1,1786676906
2026-08-14T03:13:33Z,719,15,0,14,0,0,1,1,1,1786676508
2026-08-14T03:13:33Z,720,7,2,11,1,0,1,1,1,1786676160
2026-08-14T03:13:33Z,721,16,1,6,1,0,1,1,1,1786675787
2026-08-14T03:13:33Z,722,14,0,1,0,0,1,1,1,1786676537
2026-08-14T03:13:33Z,723,16,5,6,1,0,1,1,1,1786675889
2026-08-14T03:13:33Z,724,23,1,0,0,0,1,1,1,1786675822
2026-08-14T03:13:33Z,725,15,0,8,0,0,1,1,1,1786677156
2026-08-14T03:13:33Z,726,4,0,15,0,0,1,1,1,1786676635
2026-08-14T03:13:33Z,727,13,8,7,3,0,1,1,1,1786675460
2026-08-14T03:13:33Z,728,11,2,2,2,0,1,1,1,1786676012
2026-08-14T03:13:33Z,729,19,0,0,0,0,1,1,1,1786676962
2026-08-14T03:13:33Z,730,8,0,7,0,0,1,1,1,1786676720
2026-08-14T03:13:33Z,731,7,2,8,0,0,1,1,1,1786676776
2026-08-14T03:13:33Z,732,2,0,13,0,0,1,1,1,1786677069
2026-08-14T03:13:33Z,733,5,1,22,0,0,1,1,1,1786677170
2026-08-14T03:13:33Z,734,3,1,7,4,0,1,1,1,1786675514
2026-08-14T03:13:33Z,735,0,0,26,1,0,1,1,1,1786676121
2026-08-14T03:13:33Z,736,4,1,14,1,0,1,1,1,1786677137
2026-08-14T03:13:33Z,737,9,2,5,1,0,1,1,1,1786675792
2026-08-14T03:13:33Z,738,8,3,9,2,0,1,1,1,1786676846
2026-08-14T03:13:33Z,739,22,1,3,2,0,1,1,1,1786676530
2026-08-14T03:13:33Z,741,10,8,12,1,0,1,1,1,1786675935
2026-08-14T03:13:33Z,742,37,1,1,1,0,1,1,1,1786677030
2026-08-14T03:13:33Z,743,0,0,18,1,0,1,1,1,1786676336
2026-08-14T03:13:33Z,744,14,5,0,1,0,1,1,1,1786676123
2026-08-14T03:13:33Z,745,4,0,15,0,0,1,1,1,1786676146
2026-08-14T03:13:33Z,746,17,1,3,0,0,1,1,1,1786677009
2026-08-14T03:13:33Z,747,0,0,4,0,0,0,1,1,1783446606
2026-08-14T03:13:33Z,748,16,2,6,1,0,1,1,1,1786676790
2026-08-14T03:13:33Z,749,22,2,1,0,0,1,1,1,1786677172
2026-08-14T03:13:33Z,750,4,0,2,5,0,1,1,1,1786677101
2026-08-14T03:13:33Z,751,2,0,20,0,1,1,1,1,1786676789
2026-08-14T03:13:33Z,752,6,2,10,1,0,1,1,1,1786677187
2026-08-14T03:13:33Z,753,5,1,10,0,0,1,1,1,1786677145
2026-08-14T03:13:33Z,754,2,0,12,1,0,1,1,1,1786675812
2026-08-14T03:13:33Z,755,11,6,11,1,0,1,1,1,1786675928
2026-08-14T03:13:33Z,756,4,4,33,0,0,1,1,1,1786676866
2026-08-14T03:13:33Z,757,4,2,14,1,0,1,1,1,1786677009
2026-08-14T03:13:33Z,758,12,10,10,1,0,1,1,1,1786677071
2026-08-14T03:13:33Z,759,3,0,11,1,0,1,1,1,1786676012
2026-08-14T03:13:33Z,760,16,1,3,0,0,1,1,1,1786663984
2026-08-14T03:13:33Z,761,6,2,17,0,0,1,1,1,1786676858
2026-08-14T03:13:33Z,762,2,2,11,2,0,1,1,1,1786676416
2026-08-14T03:13:33Z,768,4,3,11,4,0,1,1,1,1786676497
2026-08-14T03:13:33Z,769,0,0,18,1,0,1,1,1,1786675906
2026-08-14T03:13:33Z,770,7,3,10,2,0,1,1,1,1786676348
2026-08-14T03:13:33Z,771,10,1,2,3,0,1,1,1,1786675937
2026-08-14T03:13:33Z,772,3,1,11,1,0,1,1,1,1786676142
2026-08-14T03:13:33Z,773,3,0,15,1,0,1,1,1,1786676989
2026-08-14T03:13:33Z,774,1,0,14,0,0,1,1,1,1786676928
2026-08-14T03:13:33Z,775,7,0,10,2,0,1,1,1,1786676248
2026-08-14T03:13:33Z,776,7,1,12,2,0,1,1,1,1786676485
2026-08-14T03:13:33Z,777,10,3,3,1,0,1,1,1,1786676124
2026-08-14T03:13:33Z,778,3,0,13,3,0,1,1,1,1786677055
2026-08-14T03:13:33Z,779,17,0,2,0,0,1,1,1,1786676755
2026-08-14T03:13:33Z,780,10,1,6,3,0,1,1,1,1786676725
2026-08-14T03:13:33Z,781,3,3,6,2,0,1,1,1,1786676938
2026-08-14T03:13:33Z,782,1,0,16,2,0,1,1,1,1786675517
2026-08-14T03:13:33Z,783,11,3,1,7,0,1,1,1,1786676019
2026-08-14T03:13:33Z,784,14,1,4,1,0,1,1,1,1786676561
2026-08-14T03:13:33Z,785,9,4,4,6,0,1,1,1,1786667132
2026-08-14T03:13:33Z,786,7,1,12,0,0,1,1,1,1786675407
2026-08-14T03:13:33Z,787,13,6,0,2,0,1,1,1,1786676144
2026-08-14T03:13:33Z,788,13,2,2,0,0,1,1,1,1786676044
2026-08-14T03:13:33Z,789,5,0,8,2,0,1,1,1,1786677026
2026-08-14T03:13:33Z,790,11,1,12,0,0,1,1,1,1786676465
2026-08-14T03:13:33Z,791,1,0,17,0,1,1,1,1,1786677112
2026-08-14T03:13:33Z,793,1,1,13,1,0,1,1,1,1786676991
2026-08-14T03:13:33Z,794,3,1,25,1,0,1,1,1,1786676962
2026-08-14T03:13:33Z,796,0,0,19,0,0,1,1,1,1786675434
2026-08-14T03:13:33Z,797,11,1,3,1,0,1,1,1,1786675787
2026-08-14T03:13:33Z,798,1,0,23,1,0,1,1,1,1786677077
2026-08-14T03:13:33Z,799,7,2,9,3,0,1,1,1,1786677210
2026-08-14T03:13:33Z,800,18,3,0,3,0,1,1,1,1786676744
2026-08-14T03:13:33Z,801,0,0,20,1,0,1,1,1,1786676502
2026-08-14T03:13:33Z,802,0,0,28,3,0,1,1,1,1786676945
2026-08-14T03:13:33Z,803,9,0,6,0,0,1,1,1,1786676930
2026-08-14T03:13:33Z,806,4,3,7,4,0,1,1,1,1786675668
2026-08-14T03:13:33Z,807,6,6,16,3,0,1,1,1,1786676412
2026-08-14T03:13:33Z,808,1,0,22,2,0,1,1,1,1786675701
2026-08-14T03:13:33Z,809,2,2,20,1,0,1,1,1,1786676377
2026-08-14T03:13:33Z,810,10,4,7,2,0,1,1,1,1786675741
2026-08-14T03:13:33Z,815,3,0,10,1,1,1,1,1,1786676977
2026-08-14T03:13:33Z,817,5,2,9,1,0,1,1,1,1786676696
2026-08-14T03:13:33Z,818,11,4,12,0,0,1,1,1,1786676531
2026-08-14T03:13:33Z,819,2,1,13,0,0,1,1,1,1786676949
2026-08-14T03:13:33Z,820,9,3,8,0,0,1,1,1,1786675565
2026-08-14T03:13:33Z,821,3,2,10,2,0,1,1,1,1786675756
2026-08-14T03:13:33Z,822,13,0,9,1,0,1,1,1,1786677199
2026-08-14T03:13:33Z,823,8,0,7,0,0,1,1,1,1786676307
2026-08-14T03:13:33Z,824,16,13,1,2,0,1,1,1,1786676262
2026-08-14T03:13:33Z,825,3,0,11,1,0,1,1,1,1786667039
2026-08-14T03:13:33Z,826,17,0,1,1,0,1,1,1,1786675885
2026-08-14T03:13:33Z,827,15,5,5,1,0,1,1,1,1786676318
2026-08-14T03:13:33Z,828,3,0,14,1,0,1,1,1,1786676169
2026-08-14T03:13:33Z,829,14,4,11,2,0,1,1,1,1786676489
2026-08-14T03:13:33Z,830,13,1,10,0,0,1,1,1,1786675794
2026-08-14T03:13:33Z,831,2,1,11,2,0,1,1,1,1786676446
2026-08-14T03:13:33Z,832,16,7,0,2,0,1,1,1,1786677049
2026-08-14T03:13:33Z,833,3,2,15,1,0,1,1,1,1786675937
2026-08-14T03:13:33Z,834,23,1,0,1,0,1,1,1,1786677165
2026-08-14T03:13:33Z,835,10,5,6,2,0,1,1,1,1786676995
2026-08-14T03:13:33Z,838,4,2,10,1,0,1,1,1,1786675643
2026-08-14T03:13:33Z,839,28,0,1,0,0,1,1,1,1786677115
2026-08-14T03:13:33Z,840,2,0,26,1,0,1,1,1,1786676874
2026-08-14T03:13:33Z,841,5,3,4,6,0,1,1,1,1786675909
2026-08-14T03:13:33Z,842,4,0,19,0,0,1,1,1,1786676061
2026-08-14T03:13:33Z,843,7,3,23,1,0,1,1,1,1786676338
2026-08-14T03:13:33Z,844,3,0,20,0,0,1,1,1,1786676133
2026-08-14T03:13:33Z,845,8,0,8,1,0,1,1,1,1786676950
2026-08-14T03:13:33Z,846,7,2,11,1,0,1,1,1,1786676375
2026-08-14T03:13:33Z,847,4,0,23,0,0,1,1,1,1786675723
2026-08-14T03:13:33Z,848,4,2,14,1,0,1,1,1,1786676813
2026-08-14T03:13:33Z,849,5,2,6,4,0,1,1,1,1786677157
2026-08-14T03:13:33Z,850,8,0,1,2,0,1,1,1,1786676833
2026-08-14T03:13:33Z,851,8,5,27,2,0,1,1,1,1786677094
2026-08-14T03:13:33Z,852,14,8,5,0,0,1,1,1,1786675901
2026-08-14T03:13:33Z,853,3,2,20,0,0,1,1,1,1786675785
2026-08-14T03:13:33Z,854,12,8,1,2,0,1,1,1,1786675777
2026-08-14T03:13:33Z,855,18,3,8,1,0,1,1,1,1786677206
2026-08-14T03:13:33Z,857,2,1,17,0,0,1,1,1,1786677090
2026-08-14T03:13:33Z,858,12,6,6,1,0,1,1,1,1786676055
2026-08-14T03:13:33Z,859,14,2,5,2,0,1,1,1,1786676367
2026-08-14T03:13:33Z,861,2,0,9,0,0,1,1,1,1786675854
2026-08-14T03:13:33Z,862,8,3,7,0,0,1,1,1,1786676534
2026-08-14T03:13:33Z,863,10,0,9,0,0,1,1,1,1786675477
2026-08-14T03:13:33Z,866,5,1,13,1,0,1,1,1,1786677205
2026-08-14T03:13:33Z,867,8,1,7,0,0,1,1,1,1786675741
2026-08-14T03:13:33Z,868,15,0,0,0,0,1,1,1,1786677198
2026-08-14T03:13:33Z,870,14,5,1,0,0,1,1,1,1786675691
2026-08-14T03:13:33Z,871,0,0,10,1,0,1,1,1,1786675518
2026-08-14T03:13:33Z,872,8,6,5,2,0,1,1,1,1786677088
2026-08-14T03:13:33Z,873,0,0,32,1,0,1,1,1,1786676527
2026-08-14T03:13:33Z,874,2,0,10,3,0,1,1,1,1786676725
2026-08-14T03:13:33Z,875,12,9,2,1,0,1,1,1,1786676187
2026-08-14T03:13:33Z,877,12,10,6,1,0,1,1,1,1786676579
2026-08-14T03:13:33Z,878,0,0,19,0,0,1,1,1,1786675968
2026-08-14T03:13:33Z,879,7,1,11,1,0,1,1,1,1786675525
2026-08-14T03:13:33Z,880,4,1,19,0,0,1,1,1,1786676153
2026-08-14T03:13:33Z,881,5,0,14,0,0,1,1,1,1786676264
2026-08-14T03:13:33Z,882,8,3,11,0,0,1,1,1,1786676228
2026-08-14T03:13:33Z,883,11,5,8,0,0,1,1,1,1786676178
2026-08-14T03:13:33Z,884,12,7,8,0,1,1,1,1,1786676265
2026-08-14T03:13:33Z,885,2,0,15,2,0,1,1,1,1786664036
2026-08-14T03:13:33Z,886,1,0,27,1,0,1,1,1,1786676551
2026-08-14T03:13:33Z,887,0,0,15,2,0,1,1,1,1786675642
2026-08-14T03:13:33Z,888,15,1,25,1,0,1,1,1,1786677134
2026-08-14T03:13:33Z,889,16,0,1,2,0,1,1,1,1786676936
2026-08-14T03:13:33Z,890,4,0,11,0,0,1,1,1,1786664073
2026-08-14T03:13:33Z,891,14,3,9,0,0,1,1,1,1786677158
2026-08-14T03:13:33Z,892,13,1,2,0,0,1,1,1,1786672806
2026-08-14T03:13:33Z,895,6,0,13,0,0,1,1,1,1786665179
2026-08-14T03:13:33Z,896,8,1,27,0,0,1,1,1,1786676622
2026-08-14T03:13:33Z,897,15,0,5,1,0,1,1,1,1786675827
2026-08-14T03:13:33Z,898,15,4,2,2,0,1,1,1,1786676435
2026-08-14T03:13:33Z,899,19,0,0,0,0,1,1,1,1786676416
2026-08-14T03:13:33Z,900,26,0,0,1,0,1,1,1,1786676394
2026-08-14T03:13:33Z,901,18,0,0,1,0,1,1,1,1786677208
2026-08-14T03:13:33Z,902,9,2,5,1,0,1,1,1,1786677006
2026-08-14T03:13:33Z,903,7,1,12,0,0,1,1,1,1786676674
2026-08-14T03:13:33Z,904,14,2,5,0,0,1,1,1,1786677000
2026-08-14T03:13:33Z,905,1,1,24,2,0,1,1,1,1786676583
2026-08-14T03:13:33Z,906,9,3,18,0,0,1,1,1,1786677159
2026-08-14T03:13:33Z,907,28,3,2,1,0,1,1,1,1786677204
2026-08-14T03:13:33Z,908,11,0,12,0,0,1,1,1,1786676242
2026-08-14T03:13:33Z,909,3,3,20,0,0,1,1,1,1786676944
2026-08-14T03:13:33Z,910,28,1,3,0,0,1,1,1,1786676703
2026-08-14T03:13:33Z,911,8,2,9,2,0,1,1,1,1786676244
2026-08-14T03:13:33Z,912,7,2,15,1,0,1,1,1,1786676773
2026-08-14T03:13:33Z,913,4,4,15,0,0,1,1,1,1786676074
2026-08-14T03:13:33Z,914,8,1,9,2,0,1,1,1,1786676634
2026-08-14T03:13:33Z,915,2,1,20,1,0,1,1,1,1786676626
2026-08-14T03:13:33Z,916,4,1,18,1,0,1,1,1,1786676923
2026-08-14T03:13:33Z,917,35,0,0,0,0,1,1,1,1786676110
2026-08-14T03:13:33Z,918,10,4,8,1,0,1,1,1,1786676948
2026-08-14T03:13:33Z,919,35,0,2,2,0,1,1,1,1786677067
2026-08-14T03:13:33Z,920,7,2,12,0,0,1,1,1,1786676643
2026-08-14T03:13:33Z,921,17,1,4,0,0,1,1,1,1786676617
2026-08-14T03:13:33Z,922,8,3,12,1,0,1,1,1,1786675991
2026-08-14T03:13:33Z,923,2,2,17,0,0,1,1,1,1786676681
2026-08-14T03:13:33Z,924,11,2,10,0,0,1,1,1,1786676203
2026-08-14T03:13:33Z,925,17,2,0,4,0,1,1,1,1786676345
2026-08-14T03:13:33Z,926,3,0,18,0,0,1,1,1,1786676948
2026-08-14T03:13:33Z,927,19,1,15,1,0,1,1,1,1786677145
2026-08-14T03:13:33Z,928,1,0,17,1,0,1,1,1,1786677072
2026-08-14T03:13:33Z,929,0,0,23,0,0,1,1,1,1786677210
2026-08-14T03:13:33Z,930,30,0,0,1,0,1,1,1,1786675968
2026-08-14T03:13:33Z,931,0,0,23,0,0,1,1,1,1786675703
2026-08-14T03:13:33Z,932,17,0,1,1,0,1,1,1,1786677016
2026-08-14T03:13:33Z,933,22,1,0,1,0,1,1,1,1786676943
2026-08-14T03:13:33Z,934,4,0,26,1,0,1,1,1,1786676424
2026-08-14T03:13:33Z,935,1,1,17,1,0,1,1,1,1786676758
2026-08-14T03:13:33Z,936,6,0,11,2,0,1,1,1,1786677198
2026-08-14T03:13:33Z,940,11,0,0,0,0,1,1,1,1786672531
2026-08-14T03:13:33Z,941,15,8,9,1,0,1,1,1,1786676258
2026-08-14T03:13:33Z,942,16,6,3,2,0,1,1,1,1786677052
2026-08-14T03:13:33Z,943,9,6,4,2,0,1,1,1,1786676901
2026-08-14T03:13:33Z,944,5,3,9,1,0,1,1,1,1786675696
2026-08-14T03:13:33Z,945,7,7,7,1,0,1,1,1,1786676042
2026-08-14T03:13:33Z,946,6,5,12,1,0,1,1,1,1786660974
2026-08-14T03:13:33Z,947,4,4,12,1,0,1,1,1,1786675601
2026-08-14T03:13:33Z,948,1,1,24,6,0,1,1,1,1786676292
2026-08-14T03:13:33Z,949,1,0,14,0,0,1,1,1,1786676410
2026-08-14T03:13:33Z,950,16,5,0,1,0,1,1,1,1786677061
2026-08-14T03:13:33Z,951,3,2,20,0,0,1,1,1,1786676719
2026-08-14T03:13:33Z,952,10,2,45,0,0,1,1,1,1786677035
2026-08-14T03:13:33Z,953,14,1,0,1,0,1,1,1,1786676374
2026-08-14T03:13:33Z,954,18,2,1,0,0,1,1,1,1786676736
2026-08-14T03:13:33Z,955,11,4,15,1,0,1,1,1,1786676691
2026-08-14T03:13:33Z,956,11,1,11,1,0,1,1,1,1786677150
2026-08-14T03:13:33Z,957,2,0,26,1,0,1,1,1,1786676426
2026-08-14T03:13:33Z,958,15,1,15,1,0,1,1,1,1786677202
2026-08-14T03:13:33Z,959,1,1,22,0,0,1,1,1,1786676919
2026-08-14T03:13:33Z,960,19,1,1,3,0,1,1,1,1786677009
2026-08-14T03:13:33Z,961,2,0,15,5,0,1,1,1,1786675642
2026-08-14T03:13:33Z,962,0,0,15,4,0,1,1,1,1786676542
2026-08-14T03:13:33Z,963,22,2,4,1,0,1,1,1,1786676751
2026-08-14T03:13:33Z,964,17,5,6,0,0,1,1,1,1786677175
2026-08-14T03:13:33Z,965,17,2,9,1,0,1,1,1,1786677055
2026-08-14T03:13:33Z,966,19,0,12,0,0,1,1,1,1786677129
2026-08-14T03:13:33Z,967,16,0,5,0,0,1,1,1,1786676937
2026-08-14T03:13:33Z,968,19,0,0,0,0,1,1,1,1786677045
2026-08-14T03:13:33Z,969,0,0,26,1,0,1,1,1,1786676908
2026-08-14T03:13:33Z,970,13,3,5,1,0,1,1,1,1786676966
2026-08-14T03:13:33Z,971,22,4,0,1,0,1,1,1,1786676275
2026-08-14T03:13:33Z,972,9,1,12,2,0,1,1,1,1786676855
2026-08-14T03:13:33Z,973,16,4,7,0,0,1,1,1,1786676856
2026-08-14T03:13:33Z,974,0,0,26,1,0,1,1,1,1786676539
2026-08-14T03:13:33Z,977,6,6,13,2,0,1,1,1,1786677064
2026-08-14T03:13:33Z,978,18,3,5,0,0,1,1,1,1786677142
2026-08-14T03:13:33Z,979,8,1,9,0,0,1,1,1,1786675882
2026-08-14T03:13:33Z,980,5,0,16,0,0,1,1,1,1786677047
2026-08-14T03:13:33Z,981,8,1,11,1,0,1,1,1,1786676656
2026-08-14T03:13:33Z,982,8,0,10,1,0,1,1,1,1786676535
2026-08-14T03:13:33Z,983,0,0,23,0,0,1,1,1,1786676268
2026-08-14T03:13:33Z,984,4,0,19,0,0,1,1,1,1786676653
2026-08-14T03:13:33Z,985,4,2,26,1,0,1,1,1,1786676489
2026-08-14T03:13:33Z,986,5,1,14,0,0,1,1,1,1786676562
2026-08-14T03:13:33Z,987,6,0,17,0,0,1,1,1,1786676769
2026-08-14T03:13:33Z,988,1,0,18,0,0,1,1,1,1786676075
2026-08-14T03:13:33Z,989,12,7,7,0,0,1,1,1,1786675899
2026-08-14T03:13:33Z,990,9,1,4,2,0,1,1,1,1786676519
2026-08-14T03:13:33Z,991,11,5,7,1,0,1,1,1,1786676341
2026-08-14T03:13:33Z,992,17,0,5,1,0,1,1,1,1786676598
2026-08-14T03:13:33Z,993,0,0,26,1,0,1,1,1,1786676955
2026-08-14T03:13:33Z,994,7,2,14,0,0,1,1,1,1786676403
2026-08-14T03:13:33Z,995,5,3,22,0,0,1,1,1,1786677040
2026-08-14T03:13:33Z,996,8,0,15,0,0,1,1,1,1786676238
2026-08-14T03:13:33Z,997,14,4,9,0,0,1,1,1,1786676954
2026-08-14T03:13:33Z,998,0,0,23,0,0,1,1,1,1786676219
2026-08-14T03:13:33Z,999,16,3,2,2,1,1,1,1,1786675827
2026-08-14T03:13:33Z,1000,14,5,5,2,0,1,1,1,1786676124
2026-08-14T03:13:33Z,1001,7,1,20,0,0,1,1,1,1786676582
2026-08-14T03:13:33Z,1002,3,0,26,2,0,1,1,1,1786676918
2026-08-14T03:13:33Z,1003,1,0,21,1,0,1,1,1,1786675798
2026-08-14T03:13:33Z,1004,3,0,19,1,0,1,1,1,1786676396
2026-08-14T03:13:33Z,1005,23,1,0,0,0,1,1,1,1786676020
2026-08-14T03:13:33Z,1006,12,4,4,3,0,1,1,1,1786676324
2026-08-14T03:13:33Z,1007,0,0,21,0,0,1,1,1,1786676603
2026-08-14T03:13:33Z,1008,7,4,15,1,0,1,1,1,1786677126
2026-08-14T03:13:33Z,1009,14,2,16,1,0,1,1,1,1786675639
2026-08-14T03:13:33Z,1010,2,1,24,1,0,1,1,1,1786676670
2026-08-14T03:13:33Z,1011,4,1,14,1,0,1,1,1,1786676972
2026-08-14T03:13:33Z,1012,1,1,21,1,0,1,1,1,1786676060
2026-08-14T03:13:33Z,1013,2,0,5,2,0,1,1,1,1786676337
2026-08-14T03:13:33Z,1014,6,3,16,1,0,1,1,1,1786676349
2026-08-14T03:13:33Z,1015,7,7,23,1,0,1,1,1,1786677090
2026-08-14T03:13:33Z,1016,5,3,24,2,0,1,1,1,1786676139
2026-08-14T03:13:33Z,1017,14,2,6,1,0,1,1,1,1786676803
2026-08-14T03:13:33Z,1018,6,5,15,1,0,1,1,1,1786675531
2026-08-14T03:13:33Z,1019,10,5,4,1,0,1,1,1,1786675697
2026-08-14T03:13:33Z,1020,8,7,12,1,0,1,1,1,1786676403
2026-08-14T03:13:33Z,1021,9,0,5,1,0,1,1,1,1786676450
2026-08-14T03:13:33Z,1022,17,3,10,0,0,1,1,1,1786676977
2026-08-14T03:13:33Z,1023,12,1,10,1,0,1,1,1,1786675736
2026-08-14T03:13:33Z,1024,2,0,16,1,0,1,1,1,1786676143
2026-08-14T03:13:33Z,1025,10,2,8,0,1,1,1,1,1786676157
2026-08-14T03:13:33Z,1026,12,9,16,3,0,1,1,1,1786676205
2026-08-14T03:13:33Z,1028,7,0,15,1,0,1,1,1,1786675942
2026-08-14T03:13:33Z,1029,11,9,0,4,0,1,1,1,1786677029
2026-08-14T03:13:33Z,1030,14,3,6,3,0,1,1,1,1786676790
2026-08-14T03:13:33Z,1031,0,0,19,0,0,1,1,1,1786675790
2026-08-14T03:13:33Z,1032,14,3,3,2,0,1,1,1,1786676520
2026-08-14T03:13:33Z,1033,12,4,6,1,0,1,1,1,1786675867
2026-08-14T03:13:33Z,1034,3,2,12,0,0,1,1,1,1786675529
2026-08-14T03:13:33Z,1035,3,0,14,2,0,1,1,1,1786676616
2026-08-14T03:13:33Z,1036,6,0,9,0,0,1,1,1,1786676304
2026-08-14T03:13:33Z,1037,15,6,3,1,0,1,1,1,1786676993
2026-08-14T03:13:33Z,1038,10,3,5,0,0,1,1,1,1786676867
2026-08-14T03:13:33Z,1039,7,3,9,3,0,1,1,1,1786676645
2026-08-14T03:13:33Z,1040,2,0,17,0,0,1,1,1,1786676718
2026-08-14T03:13:33Z,1041,18,0,0,1,0,1,1,1,1786676331
2026-08-14T03:13:33Z,1042,13,3,0,2,0,1,1,1,1786675902
2026-08-14T03:13:33Z,1043,11,1,8,0,0,1,1,1,1786676754
2026-08-14T03:13:33Z,1044,2,1,12,1,0,1,1,1,1786676890
2026-08-14T03:13:33Z,1045,6,4,12,1,0,1,1,1,1786676508
2026-08-14T03:13:33Z,1046,11,1,4,0,0,1,1,1,1786676718
2026-08-14T03:13:33Z,1047,0,0,21,0,0,1,1,1,1786676046
2026-08-14T03:13:33Z,1048,7,1,12,0,0,1,1,1,1786676419
2026-08-14T03:13:33Z,1049,12,2,7,2,0,1,1,1,1786675911
2026-08-14T03:13:33Z,1050,18,1,1,2,0,1,1,1,1786676976
2026-08-14T03:13:33Z,1051,12,4,7,2,0,1,1,1,1786676648
2026-08-14T03:13:33Z,1052,13,2,9,0,0,1,1,1,1786675402
2026-08-14T03:13:33Z,1053,1,0,14,0,0,1,1,1,1786675790
2026-08-14T03:13:33Z,1054,14,4,0,1,0,1,1,1,1786675634
2026-08-14T03:13:33Z,1055,14,1,5,0,0,1,1,1,1786676654
2026-08-14T03:13:33Z,1057,12,0,6,1,0,1,1,1,1786677175
2026-08-14T03:13:33Z,1058,0,0,56,0,0,1,1,1,1786676061
2026-08-14T03:13:33Z,1059,2,0,16,1,0,1,1,1,1786675500
2026-08-14T03:13:33Z,1060,21,9,15,1,0,1,1,1,1786677108
2026-08-14T03:13:33Z,1061,1,0,36,0,0,1,1,1,1786676544
2026-08-14T03:13:33Z,1062,1,0,16,0,0,1,1,1,1786677134
2026-08-14T03:13:33Z,1063,12,0,7,0,0,1,1,1,1786675686
2026-08-14T03:13:33Z,1064,12,4,10,1,0,1,1,1,1786676263
2026-08-14T03:13:33Z,1065,12,0,10,1,0,1,1,1,1786676465
2026-08-14T03:13:33Z,1066,11,4,11,1,0,1,1,1,1786676364
2026-08-14T03:13:33Z,1067,8,1,15,0,0,1,1,1,1786677107
2026-08-14T03:13:33Z,1068,2,0,20,1,0,1,1,1,1786676223
2026-08-14T03:13:33Z,1069,8,1,14,1,0,1,1,1,1786676157
2026-08-14T03:13:33Z,1070,16,5,5,2,0,1,1,1,1786676446
2026-08-14T03:13:33Z,1071,4,0,18,1,0,1,1,1,1786676330
2026-08-14T03:13:33Z,1072,13,0,8,2,0,1,1,1,1786676685
2026-08-14T03:13:33Z,1073,15,3,9,3,0,1,1,1,1786676873
2026-08-14T03:13:33Z,1074,50,0,0,3,0,1,1,1,1786677189
2026-08-14T03:13:33Z,1075,10,9,11,0,0,1,1,1,1786677002
2026-08-14T03:13:33Z,1076,7,6,14,0,0,1,1,1,1786677057
2026-08-14T03:13:33Z,1077,10,10,10,1,0,1,1,1,1786676581
2026-08-14T03:13:33Z,1078,13,10,8,0,0,1,1,1,1786675486
2026-08-14T03:13:33Z,1079,11,11,10,0,0,1,1,1,1786676672
2026-08-14T03:13:33Z,1080,13,10,8,0,0,1,1,1,1786676466
2026-08-14T03:13:33Z,1081,16,15,3,0,0,1,1,1,1786676898
2026-08-14T03:13:33Z,1082,13,10,10,0,0,1,1,1,1786675976
2026-08-14T03:13:33Z,1083,14,8,7,0,0,1,1,1,1786676663
2026-08-14T03:13:33Z,1084,12,10,9,0,0,1,1,1,1786675608
2026-08-14T03:13:33Z,1085,12,8,9,0,0,1,1,1,1786677152
2026-08-14T03:13:33Z,1086,12,7,8,1,0,1,1,1,1786675912
2026-08-14T03:13:33Z,1087,5,5,10,0,0,1,1,1,1786677015
2026-08-14T03:13:33Z,1088,5,5,10,0,0,1,1,1,1786676510
2026-08-14T03:13:33Z,1089,10,7,5,0,0,1,1,1,1786676504
2026-08-14T03:13:33Z,1090,12,12,3,0,0,1,1,1,1786676729
2026-08-14T03:13:33Z,1091,6,5,9,0,0,1,1,1,1786676746
2026-08-14T03:13:33Z,1092,6,4,9,0,0,1,1,1,1786676045
2026-08-14T03:13:33Z,1093,5,3,10,0,0,1,1,1,1786676969
2026-08-14T03:13:33Z,1094,13,10,6,0,0,1,1,1,1786676300
2026-08-14T03:13:33Z,1095,7,7,8,0,0,1,1,1,1786676715
2026-08-14T03:13:33Z,1096,10,8,9,0,0,1,1,1,1786676870
2026-08-14T03:13:33Z,1097,9,7,6,0,0,1,1,1,1786676410
2026-08-14T03:13:33Z,1098,8,4,11,0,0,1,1,1,1786676888
2026-08-14T03:13:33Z,1099,5,5,10,0,0,1,1,1,1786676217
2026-08-14T03:13:33Z,1100,10,5,14,5,0,1,1,1,1786674497
2026-08-14T03:13:33Z,1101,12,6,9,0,0,1,1,1,1786676967
2026-08-14T03:13:33Z,1102,9,6,4,0,0,1,1,1,1786675603
2026-08-14T03:13:33Z,1103,11,7,10,0,0,1,1,1,1786672997
2026-08-14T03:13:33Z,1104,11,6,10,0,0,1,1,1,1786676777
2026-08-14T03:13:33Z,1105,7,3,6,0,0,1,1,1,1786675609
2026-08-14T03:13:33Z,1106,10,5,11,0,0,1,1,1,1786675417
2026-08-14T03:13:33Z,1107,10,5,5,0,0,1,1,1,1786675684
2026-08-14T03:13:33Z,1108,5,5,22,0,0,1,1,1,1786677170
2026-08-14T03:13:33Z,1109,9,4,6,0,0,1,1,1,1786675580
2026-08-14T03:13:33Z,1110,20,8,1,0,0,1,1,1,1786676859
2026-08-14T03:13:33Z,1111,12,1,8,1,0,1,1,1,1786675508
2026-08-14T03:13:33Z,1112,15,1,38,0,0,1,1,1,1786675717
2026-08-14T03:13:33Z,1113,3,3,17,1,0,1,1,1,1786675826
2026-08-14T03:13:33Z,1115,17,1,6,0,0,1,1,1,1786676462
2026-08-14T03:13:33Z,1116,14,1,5,0,0,1,1,1,1786676663
2026-08-14T03:13:33Z,1117,2,2,20,1,0,1,1,1,1786676395
2026-08-14T03:13:33Z,1118,18,0,2,1,0,1,1,1,1786677036
2026-08-14T03:13:33Z,1119,6,0,11,0,0,1,1,1,1786677074
2026-08-14T03:13:33Z,1120,4,0,14,1,0,1,1,1,1786676636
2026-08-14T03:13:33Z,1121,20,4,0,1,0,1,1,1,1786676885
2026-08-14T03:13:33Z,1122,5,3,14,2,0,1,1,1,1786676809
2026-08-14T03:13:33Z,1123,1,1,20,2,0,1,1,1,1786677043
2026-08-14T03:13:33Z,1124,11,2,3,1,0,1,1,1,1786676134
2026-08-14T03:13:33Z,1125,15,0,5,3,0,1,1,1,1786676173
2026-08-14T03:13:33Z,1126,19,3,0,2,0,1,1,1,1786676466
2026-08-14T03:13:33Z,1127,7,2,12,0,0,1,1,1,1786676139
2026-08-14T03:13:33Z,1128,11,2,4,0,0,1,1,1,1786675514
2026-08-14T03:13:33Z,1129,9,2,11,1,0,1,1,1,1786675916
2026-08-14T03:13:33Z,1130,12,2,1,2,0,1,1,1,1786677095
2026-08-14T03:13:33Z,1131,0,0,49,0,0,1,1,1,1786676754
2026-08-14T03:13:33Z,1132,9,1,11,1,0,1,1,1,1786676938
2026-08-14T03:13:33Z,1133,13,5,7,1,0,1,1,1,1786677011
2026-08-14T03:13:33Z,1134,9,3,10,0,0,1,1,1,1786675545
2026-08-14T03:13:33Z,1135,9,4,12,0,0,1,1,1,1786675994
2026-08-14T03:13:33Z,1136,0,0,23,0,0,1,1,1,1786676212
2026-08-14T03:13:33Z,1137,11,3,4,0,0,1,1,1,1786676846
2026-08-14T03:13:33Z,1138,3,0,16,0,0,1,1,1,1786676619
2026-08-14T03:13:33Z,1139,13,2,8,0,0,1,1,1,1786675940
2026-08-14T03:13:33Z,1140,20,5,2,1,0,1,1,1,1786675730
2026-08-14T03:13:33Z,1141,1,0,20,0,0,1,1,1,1786676733
2026-08-14T03:13:33Z,1142,18,0,3,0,0,1,1,1,1786677169
2026-08-14T03:13:33Z,1143,23,0,5,1,0,1,1,1,1786677181
2026-08-14T03:13:33Z,1144,11,1,10,0,0,1,1,1,1786675926
2026-08-14T03:13:33Z,1145,11,4,10,0,0,1,1,1,1786675818
2026-08-14T03:13:33Z,1146,0,0,15,4,0,1,1,1,1786677147
2026-08-14T03:13:33Z,1147,7,0,12,0,0,1,1,1,1786676345
2026-08-14T03:13:33Z,1148,0,0,3,0,0,0,1,1,1786190968
2026-08-14T03:13:33Z,1149,9,9,15,1,0,1,1,1,1786676390
2026-08-14T03:13:33Z,1150,13,0,5,1,0,1,1,1,1786676150
2026-08-14T03:13:33Z,1151,20,1,0,1,0,1,1,1,1786675506
2026-08-14T03:13:33Z,1152,1,0,28,0,0,1,1,1,1786676354
2026-08-14T03:13:33Z,1153,23,1,0,0,0,1,1,1,1786677147
2026-08-14T03:13:33Z,1154,2,2,13,4,0,1,1,1,1786675912
2026-08-14T03:13:33Z,1155,12,8,8,1,0,1,1,1,1786677044
2026-08-14T03:13:33Z,1158,2,0,16,1,0,1,1,1,1786676366
2026-08-14T03:13:33Z,1159,9,2,10,0,0,1,1,1,1786676977
2026-08-14T03:13:33Z,1160,12,1,7,0,0,1,1,1,1786676643
2026-08-14T03:13:33Z,1161,6,1,12,1,0,1,1,1,1786677093
2026-08-14T03:13:33Z,1162,7,1,11,1,0,1,1,1,1786676681
2026-08-14T03:13:33Z,1163,0,0,17,2,0,1,1,1,1786676429
2026-08-14T03:13:33Z,1164,3,0,16,0,0,1,1,1,1786676554
2026-08-14T03:13:33Z,1165,10,1,11,0,0,1,1,1,1786676008
2026-08-14T03:13:33Z,1166,13,4,6,2,0,1,1,1,1786676751
2026-08-14T03:13:33Z,1167,0,0,15,0,0,1,1,1,1786677001
2026-08-14T03:13:33Z,1168,10,0,13,0,0,1,1,1,1786676002
2026-08-14T03:13:33Z,1169,2,1,17,0,0,1,1,1,1786676324
2026-08-14T03:13:33Z,1170,6,3,15,0,0,1,1,1,1786675524
2026-08-14T03:13:33Z,1171,10,5,11,2,0,1,1,1,1786676298
2026-08-14T03:13:33Z,1172,9,2,3,3,0,1,1,1,1786675717
2026-08-14T03:13:33Z,1173,8,0,9,2,0,1,1,1,1786676704
2026-08-14T03:13:33Z,1174,5,2,9,1,0,1,1,1,1786677052
2026-08-14T03:13:33Z,1175,9,1,10,0,0,1,1,1,1786676659
2026-08-14T03:13:33Z,1176,13,1,7,1,0,1,1,1,1786676788
2026-08-14T03:13:33Z,1177,13,1,8,0,0,1,1,1,1786676800
2026-08-14T03:13:33Z,1178,1,1,13,1,0,1,1,1,1786675968
2026-08-14T03:13:33Z,1181,11,0,4,0,0,1,1,1,1786677137
2026-08-14T03:13:33Z,1182,6,5,12,2,0,1,1,1,1786677192
2026-08-14T03:13:33Z,1183,0,0,44,1,0,1,1,1,1786676857
2026-08-14T03:13:33Z,1184,4,0,15,2,0,1,1,1,1786677188
2026-08-14T03:13:33Z,1185,9,4,12,0,0,1,1,1,1786677083
2026-08-14T03:13:33Z,1186,6,3,13,0,0,1,1,1,1786676883
2026-08-14T03:13:33Z,1187,9,2,12,0,0,1,1,1,1786676531
2026-08-14T03:13:33Z,1188,11,5,4,0,0,1,1,1,1786675650
2026-08-14T03:13:33Z,1189,11,6,8,0,0,1,1,1,1786675751
2026-08-14T03:13:33Z,1190,8,4,13,0,0,1,1,1,1786676723
2026-08-14T03:13:33Z,1191,10,5,5,0,0,1,1,1,1786675687
2026-08-14T03:13:33Z,1192,9,4,11,1,0,1,1,1,1786677011
2026-08-14T03:13:33Z,1193,8,5,5,0,0,1,1,1,1786677022
2026-08-14T03:13:33Z,1196,9,8,10,0,0,1,1,1,1786676432
2026-08-14T03:13:33Z,1197,1,1,14,2,0,1,1,1,1786677060
2026-08-14T03:13:33Z,1198,14,3,6,1,0,1,1,1,1786675913
2026-08-14T03:13:33Z,1199,11,1,8,0,0,1,1,1,1786676710
2026-08-14T03:13:33Z,1200,11,6,4,0,0,1,1,1,1786675687
2026-08-14T03:13:33Z,1201,9,2,6,0,0,1,1,1,1786677031
2026-08-14T03:13:33Z,1202,8,3,7,0,0,1,1,1,1786675781
2026-08-14T03:13:33Z,1203,9,4,6,0,0,1,1,1,1786621037
2026-08-14T03:13:33Z,1204,10,4,9,0,0,1,1,1,1786676549
2026-08-14T03:13:33Z,1206,10,6,11,0,0,1,1,1,1786676416
2026-08-14T03:13:33Z,1207,10,5,4,1,0,1,1,1,1786676152
2026-08-14T03:13:33Z,1208,11,6,8,0,0,1,1,1,1786675527
2026-08-14T03:13:33Z,1216,9,0,10,2,0,1,1,1,1786669865
2026-08-14T03:13:33Z,1218,16,0,5,0,0,1,1,1,1786676924
2026-08-14T03:13:33Z,1219,12,0,3,0,0,1,1,1,1786677184
2026-08-14T03:13:33Z,1220,12,1,7,0,0,1,1,1,1786676394
2026-08-14T03:13:33Z,1221,8,0,13,0,0,1,1,1,1786676074
2026-08-14T03:13:33Z,1222,25,1,1,3,0,1,1,1,1786676873
2026-08-14T03:13:33Z,1223,28,1,0,1,0,1,1,1,1786677187
2026-08-14T03:13:33Z,1226,0,0,3,0,0,0,1,1,1781868931
2026-08-14T03:13:33Z,1227,10,0,14,1,0,1,1,1,1786677188
2026-08-14T03:13:33Z,1228,18,4,11,0,0,1,1,1,1786676770
2026-08-14T03:13:33Z,1229,43,0,1,1,0,1,1,1,1786677108
2026-08-14T03:13:33Z,1230,2,1,17,0,0,1,1,1,1786676395
2026-08-14T03:13:33Z,1231,6,1,13,0,0,1,1,1,1786676543
2026-08-14T03:13:33Z,1232,6,6,11,2,0,1,1,1,1786675858
